Model Name,URL,Price
LG All-in-One 108cm (43 inch) Full HD LED Smart TV 2019 Edition,/lg-all-in-one-108cm-43-inch-full-hd-led-smart-tv-2019/p/itmfhsgbwmvkhfj5?pid=TVSFHSGBGWNGKTPG&srno=s_1_1&otracker=search&otracker1=search&lid=LSTTVSFHSGBGWNGKTPGE6LP00&fm=organic&iid=6941be29-ef3d-42da-a051-f0cf88d368e0.TVSFHSGBGWNGKTPG.SEARCH&ssid=ixb01nnr0w0000001572795157295&qH=0e9823883e72a0ba,"₹31,499"
LG 80cm (32 inch) HD Ready LED TV 2018 Edition,/lg-80cm-32-inch-hd-ready-led-tv-2018/p/itmf6b4gzxrejryy?pid=TVSF6B4GZ6ZZVH7C&srno=s_1_2&otracker=search&otracker1=search&lid=LSTTVSF6B4GZ6ZZVH7CPLHWRN&fm=organic&iid=b1bd5988-e182-40c9-a512-995546be90e4.TVSF6B4GZ6ZZVH7C.SEARCH&ssid=ixb01nnr0w0000001572795157295&qH=0e9823883e72a0ba,"₹13,999"
LG All-in-One 80cm (32 inch) HD Ready LED Smart TV 2019 Edition,/lg-all-in-one-80cm-32-inch-hd-ready-led-smart-tv-2019/p/itmfhbvzmjgfd6nn?pid=TVSFHBVZASS5XA3H&srno=s_1_3&otracker=search&otracker1=search&lid=LSTTVSFHBVZASS5XA3HOB56WL&fm=organic&iid=3184ddfd-28a6-42e7-a027-309cfc77762a.TVSFHBVZASS5XA3H.SEARCH&ssid=ixb01nnr0w0000001572795157295&qH=0e9823883e72a0ba,"₹15,999"
LG 80cm (32 inch) HD Ready LED Smart TV,/lg-80cm-32-inch-hd-ready-led-smart-tv/p/itmf3xq4nmmdb6sh?pid=TVSEURNCJMSMKGG7&srno=s_1_4&otracker=search&otracker1=search&lid=LSTTVSEURNCJMSMKGG7C0HKXV&fm=organic&iid=669d67b9-bd4d-4d9a-9363-7203a95f210e.TVSEURNCJMSMKGG7.SEARCH&ssid=ixb01nnr0w0000001572795157295&qH=0e9823883e72a0ba,"₹19,999"
LG 108cm (43 inch) Full HD LED Smart TV 2018 Edition,/lg-108cm-43-inch-full-hd-led-smart-tv-2018/p/itmf5zzhzxfwz6nc?pid=TVSF5ZZHBNHZWPR4&srno=s_1_5&otracker=search&otracker1=search&lid=LSTTVSF5ZZHBNHZWPR4DTKHAT&fm=organic&iid=3ef5ecfd-1c86-4051-9006-7fc6505d7644.TVSF5ZZHBNHZWPR4.SEARCH&ssid=ixb01nnr0w0000001572795157295&qH=0e9823883e72a0ba,"₹41,999"
LG 108cm (43 inch) Ultra HD (4K) LED Smart TV 2018 Edition,/lg-108cm-43-inch-ultra-hd-4k-led-smart-tv-2018/p/itmf6b4g5uvzp3kd?pid=TVSF6B4GKXDGFRAX&srno=s_1_6&otracker=search&otracker1=search&lid=LSTTVSF6B4GKXDGFRAXCXBKRZ&fm=organic&iid=c4eb1dbd-7559-49e2-9b87-14dc8bf92b88.TVSF6B4GKXDGFRAX.SEARCH&ssid=ixb01nnr0w0000001572795157295&qH=0e9823883e72a0ba,"₹36,999"
LG 109.22cm (43 inch) Ultra HD (4K) LED Smart TV,/lg-109-22cm-43-inch-ultra-hd-4k-led-smart-tv/p/itma29c5bfefccb9?pid=TVSFJY52V3G7H9B4&srno=s_1_7&otracker=search&otracker1=search&lid=LSTTVSFJY52V3G7H9B4MA69CD&fm=organic&iid=d4e9b84a-48c3-4d9b-97c6-da78ef4b7081.TVSFJY52V3G7H9B4.SEARCH&ssid=ixb01nnr0w0000001572795157295&qH=0e9823883e72a0ba,"₹37,021"
LG 80cm (32 inch) HD Ready LED Smart TV,/lg-80cm-32-inch-hd-ready-led-smart-tv/p/itmf6hfjezwgbuuf?pid=TVSF6HFJNE73VSB5&srno=s_1_8&otracker=search&otracker1=search&lid=LSTTVSF6HFJNE73VSB5ZUILGZ&fm=organic&iid=e41e5dc5-7c38-4d6c-b281-ab7c9651e27c.TVSF6HFJNE73VSB5.SEARCH&ssid=ixb01nnr0w0000001572795157295&qH=0e9823883e72a0ba,"₹24,999"
LG All-in-One 126cm (50 inch) Ultra HD (4K) LED Smart TV 2019 Edition,/lg-all-in-one-126cm-50-inch-ultra-hd-4k-led-smart-tv-2019/p/itmfhsgbsh39yjzx?pid=TVSFHSGB5UVRMPSB&srno=s_1_9&otracker=search&otracker1=search&lid=LSTTVSFHSGB5UVRMPSBABXNUL&fm=organic&iid=3d555432-c00d-4510-8cb2-0249e6562de5.TVSFHSGB5UVRMPSB.SEARCH&ssid=ixb01nnr0w0000001572795157295&qH=0e9823883e72a0ba,"₹46,999"
LG LH454A 60cm (24 inch) HD Ready LED TV,/lg-lh454a-60cm-24-inch-hd-ready-led-tv/p/itmejnn8ehkzcsbu?pid=TVSEJNN8CCZD7KZ9&srno=s_1_10&otracker=search&otracker1=search&lid=LSTTVSEJNN8CCZD7KZ9WY8GVD&fm=organic&iid=d4c7819b-f00d-4a7c-8a2b-239edd81e4a3.TVSEJNN8CCZD7KZ9.SEARCH&ssid=ixb01nnr0w0000001572795157295&qH=0e9823883e72a0ba,"₹9,750"
LG 60cm (24 inch) HD Ready LED TV,/lg-60cm-24-inch-hd-ready-led-tv/p/itmf6efdphgn2wah?pid=TVSF6EFDHPPNRCYH&srno=s_1_11&otracker=search&otracker1=search&lid=LSTTVSF6EFDHPPNRCYHGGU9Q8&fm=organic&iid=1823b8f1-b64e-4385-b5d2-cf7d538d081a.TVSF6EFDHPPNRCYH.SEARCH&ssid=ixb01nnr0w0000001572795157295&qH=0e9823883e72a0ba,"₹10,490"
LG 139cm (55 inch) Ultra HD (4K) LED Smart TV 2019 Edition,/lg-139cm-55-inch-ultra-hd-4k-led-smart-tv-2019/p/itmfhbvzasdnhepg?pid=TVSFHBVZAY3YHEPG&srno=s_1_12&otracker=search&otracker1=search&lid=LSTTVSFHBVZAY3YHEPGO43FRY&fm=organic&iid=65db88de-48da-4335-8ed0-188ee68f4fd6.TVSFHBVZAY3YHEPG.SEARCH&ssid=ixb01nnr0w0000001572795157295&qH=0e9823883e72a0ba,"₹57,089"
LG 127cm (50 inch) Ultra HD (4K) LED Smart TV,/lg-127cm-50-inch-ultra-hd-4k-led-smart-tv/p/itmc00d35157c433?pid=TVSFJY52VC5QGQSK&srno=s_1_13&otracker=search&otracker1=search&lid=LSTTVSFJY52VC5QGQSKRX88IC&fm=organic&iid=836100b8-9b53-4ea2-900d-1f43f028e276.TVSFJY52VC5QGQSK.SEARCH&ssid=ixb01nnr0w0000001572795157295&qH=0e9823883e72a0ba,"₹50,457"
LG LM63 80cm (32 inch) HD Ready LED Smart TV,/lg-lm63-80cm-32-inch-hd-ready-led-smart-tv/p/itm2d2c8f546c485?pid=TVSFJY52TWAMHJSV&srno=s_1_14&otracker=search&otracker1=search&lid=LSTTVSFJY52TWAMHJSV6YOLTM&fm=organic&iid=4bf2a0a5-fa4e-4020-b573-59e3a9e39c57.TVSFJY52TWAMHJSV.SEARCH&ssid=ixb01nnr0w0000001572795157295&qH=0e9823883e72a0ba,"₹18,500"
LG 139cm (55 inch) Ultra HD (4K) LED Smart TV,/lg-139cm-55-inch-ultra-hd-4k-led-smart-tv/p/itm9b6bf8c6c5c87?pid=TVSFJY52BZZVYYEG&srno=s_1_15&otracker=search&otracker1=search&lid=LSTTVSFJY52BZZVYYEGCY0NVU&fm=organic&iid=130a71b3-5e93-4403-ae40-0c0dd6e6d73c.TVSFJY52BZZVYYEG.SEARCH&ssid=ixb01nnr0w0000001572795157295&qH=0e9823883e72a0ba,"₹62,181"
LG Led 60cm (24 inch) HD Ready LED TV,/lg-led-60cm-24-inch-hd-ready-tv/p/itmeurm8gnc4ysjy?pid=TVSEURM8JRGYH2PT&srno=s_1_16&otracker=search&otracker1=search&lid=LSTTVSEURM8JRGYH2PTAOH9JR&fm=organic&iid=2880dbee-e0da-4d24-a31a-195d7f4f5796.TVSEURM8JRGYH2PT.SEARCH&ssid=ixb01nnr0w0000001572795157295&qH=0e9823883e72a0ba,"₹10,999"
LG 139cm (55 inch) Ultra HD (4K) LED Smart TV 2018 Edition,/lg-139cm-55-inch-ultra-hd-4k-led-smart-tv-2018/p/itmf5zzh5b4cypbg?pid=TVSF5ZZH4CM9HBQG&srno=s_1_17&otracker=search&otracker1=search&lid=LSTTVSF5ZZH4CM9HBQGUYTPNT&fm=organic&iid=3f3ce1b2-7b0d-4708-a5c7-7952a7a02ca4.TVSF5ZZH4CM9HBQG.SEARCH&ssid=ixb01nnr0w0000001572795157295&qH=0e9823883e72a0ba,"₹1,04,661"
LG 139cm (55 inch) Ultra HD (4K) LED Smart TV 2018 Edition,/lg-139cm-55-inch-ultra-hd-4k-led-smart-tv-2018/p/itmf6b4g68zggndn?pid=TVSF6B4G7AGUXYAY&srno=s_1_18&otracker=search&otracker1=search&lid=LSTTVSF6B4G7AGUXYAYPHX3CH&fm=organic&iid=e06b8a75-5b77-4de3-bc92-885bf4f78be5.TVSF6B4G7AGUXYAY.SEARCH&ssid=ixb01nnr0w0000001572795157295&qH=0e9823883e72a0ba,"₹58,999"
LG 80cm (32 inch) HD Ready LED TV,/lg-80cm-32-inch-hd-ready-led-tv/p/itmfc9b6etptzgbe?pid=TVSFC9B6USK4QAM3&srno=s_1_19&otracker=search&otracker1=search&lid=LSTTVSFC9B6USK4QAM3NTA8LY&fm=organic&iid=9eb82608-b0ab-4f59-99d1-5f50226967c3.TVSFC9B6USK4QAM3.SEARCH&ssid=ixb01nnr0w0000001572795157295&qH=0e9823883e72a0ba,"₹13,150"
LG 139cm (55 inch) Ultra HD (4K) LED Smart TV 2019 Edition with Nanocell,/lg-139cm-55-inch-ultra-hd-4k-led-smart-tv-2019-nanocell/p/itmfhbvzgwvyg8qy?pid=TVSFHBVZFZWGFATF&srno=s_1_20&otracker=search&otracker1=search&lid=LSTTVSFHBVZFZWGFATFWN8WTZ&fm=organic&iid=0d562d0d-0c9b-4e0d-b7a9-a699a684a4f9.TVSFHBVZFZWGFATF.SEARCH&ssid=ixb01nnr0w0000001572795157295&qH=0e9823883e72a0ba,"₹69,999"
LG 108cm (43 inch) Full HD LED Smart TV,/lg-108cm-43-inch-full-hd-led-smart-tv/p/itmf3xq4bja8gvjg?pid=TVSEURNCW8CXDWS6&srno=s_1_21&otracker=search&otracker1=search&lid=LSTTVSEURNCW8CXDWS65MXKQN&fm=organic&iid=b722198c-7c89-46ce-ac64-fef35fd7c8a6.TVSEURNCW8CXDWS6.SEARCH&ssid=ixb01nnr0w0000001572795157295&qH=0e9823883e72a0ba,"₹34,999"
LG 108cm (43 inch) Full HD LED Smart TV 2018 Edition,/lg-108cm-43-inch-full-hd-led-smart-tv-2018/p/itmf6b4gpz42hejf?pid=TVSF6B4G2ZREWM4H&srno=s_1_22&otracker=search&otracker1=search&lid=LSTTVSF6B4G2ZREWM4H3J0SIR&fm=organic&iid=311479d7-ed6e-4c3a-8239-8d316734fe30.TVSF6B4G2ZREWM4H.SEARCH&ssid=ixb01nnr0w0000001572795157295&qH=0e9823883e72a0ba,"₹36,999"
LG 108cm (43 inch) Ultra HD (4K) LED Smart TV,/lg-108cm-43-inch-ultra-hd-4k-led-smart-tv/p/itma1038b75c4b3f?pid=TVSFJY52G4XYG7TA&srno=s_1_23&otracker=search&otracker1=search&lid=LSTTVSFJY52G4XYG7TASJFQTI&fm=organic&iid=506d33d4-72a5-4178-a1a8-31a0cfb18747.TVSFJY52G4XYG7TA.SEARCH&ssid=ixb01nnr0w0000001572795157295&qH=0e9823883e72a0ba,"₹40,700"
LG 123cm (49 inch) Ultra HD (4K) LED Smart TV 2018 Edition,/lg-123cm-49-inch-ultra-hd-4k-led-smart-tv-2018/p/itmf6b4gjmzjmzmy?pid=TVSF6B4GTAENNKRH&srno=s_1_24&otracker=search&otracker1=search&lid=LSTTVSF6B4GTAENNKRHUTKOXC&fm=organic&iid=a86f796d-976f-495b-9b9b-357f22ea4668.TVSF6B4GTAENNKRH.SEARCH&ssid=ixb01nnr0w0000001572795157295&qH=0e9823883e72a0ba,"₹58,999"
LG 108cm (43 inch) Ultra HD (4K) LED Smart TV,/lg-108cm-43-inch-ultra-hd-4k-led-smart-tv/p/itma1038b75c4b3f?pid=TVSFJY52G4XYG7TA&srno=s_2_25&otracker=search&otracker1=search&lid=LSTTVSFJY52G4XYG7TASJFQTI&fm=organic&iid=f293f8f1-b8c9-4182-8556-9f845871549d.TVSFJY52G4XYG7TA.SEARCH&ppt=sp&ppn=sp&ssid=ylyme5o7cw0000001572795142386&qH=0e9823883e72a0ba,"₹40,700"
LG 108cm (43 inch) Full HD LED Smart TV 2018 Edition,/lg-108cm-43-inch-full-hd-led-smart-tv-2018/p/itmf6b4gpz42hejf?pid=TVSF6B4G2ZREWM4H&srno=s_2_26&otracker=search&otracker1=search&lid=LSTTVSF6B4G2ZREWM4H3J0SIR&fm=organic&iid=31539c89-7d04-47f2-ae35-75cdcd15325e.TVSF6B4G2ZREWM4H.SEARCH&ppt=sp&ppn=sp&ssid=ylyme5o7cw0000001572795142386&qH=0e9823883e72a0ba,"₹36,999"
LG 108cm (43 inch) Ultra HD (4K) LED Smart TV,/lg-108cm-43-inch-ultra-hd-4k-led-smart-tv/p/itmf6hfj5ptjf7mx?pid=TVSF6HFJE24NJTNJ&srno=s_2_27&otracker=search&otracker1=search&lid=LSTTVSF6HFJE24NJTNJMXLCIU&fm=organic&iid=1203018e-f069-4472-bf05-4628f27b1a2c.TVSF6HFJE24NJTNJ.SEARCH&ppt=sp&ppn=sp&ssid=ylyme5o7cw0000001572795142386&qH=0e9823883e72a0ba,"₹46,999"
LG 164cm (65 inch) Ultra HD (4K) LED Smart TV,/lg-164cm-65-inch-ultra-hd-4k-led-smart-tv/p/itm51c69587a8c13?pid=TVSFJY52FAQDBEKH&srno=s_2_28&otracker=search&otracker1=search&lid=LSTTVSFJY52FAQDBEKHPKF56Q&fm=organic&iid=1a00d43e-37ce-4d7d-9a5d-efb61ed70a72.TVSFJY52FAQDBEKH.SEARCH&ppt=sp&ppn=sp&ssid=ylyme5o7cw0000001572795142386&qH=0e9823883e72a0ba,"₹87,987"
LG 164cm (65 inch) Ultra HD (4K) LED Smart TV 2019 Edition with Nanocell,/lg-164cm-65-inch-ultra-hd-4k-led-smart-tv-2019-nanocell/p/itmfhbvzgyrgxaxw?pid=TVSFHBVZVHG45JVH&srno=s_2_29&otracker=search&otracker1=search&lid=LSTTVSFHBVZVHG45JVHSS7IQT&fm=organic&iid=d8830f87-dacd-4513-837a-723a6c3f601b.TVSFHBVZVHG45JVH.SEARCH&ppt=sp&ppn=sp&ssid=ylyme5o7cw0000001572795142386&qH=0e9823883e72a0ba,"₹1,59,999"
LG 124.46cm (49 inch) Ultra HD (4K) LED Smart TV,/lg-124-46cm-49-inch-ultra-hd-4k-led-smart-tv/p/itmda65e63b0a9b7?pid=TVSFJY5248FSRN9X&srno=s_2_30&otracker=search&otracker1=search&lid=LSTTVSFJY5248FSRN9XMIEWYK&fm=organic&iid=664f5b2c-cf90-4fa7-9342-632fdb5dedce.TVSFJY5248FSRN9X.SEARCH&ppt=sp&ppn=sp&ssid=ylyme5o7cw0000001572795142386&qH=0e9823883e72a0ba,"₹50,954"
LG 108cm (43 inch) Full HD LED Smart TV 2019 Edition,/lg-108cm-43-inch-full-hd-led-smart-tv-2019/p/itmfhbvzutghuhjh?pid=TVSFHBVZGFHFXZAW&srno=s_2_31&otracker=search&otracker1=search&lid=LSTTVSFHBVZGFHFXZAWVZJUXS&fm=organic&iid=7ec251ef-bbeb-4c37-b632-f9d99299068f.TVSFHBVZGFHFXZAW.SEARCH&ppt=sp&ppn=sp&ssid=ylyme5o7cw0000001572795142386&qH=0e9823883e72a0ba,"₹38,999"
LG 109cm (43 inch) Full HD LED TV,/lg-109cm-43-inch-full-hd-led-tv/p/itmf7yrau4fhw63c?pid=TVSF7YRATDWXCNFQ&srno=s_2_32&otracker=search&otracker1=search&lid=LSTTVSF7YRATDWXCNFQHKD7QE&fm=organic&iid=a4c93d5c-3453-4352-910d-f72c2ae39d2c.TVSF7YRATDWXCNFQ.SEARCH&ppt=sp&ppn=sp&ssid=ylyme5o7cw0000001572795142386&qH=0e9823883e72a0ba,"₹28,057"
LG 108cm (43 inch) Full HD LED TV 2018 Edition,/lg-108cm-43-inch-full-hd-led-tv-2018/p/itmf6b4g8yuhg8y5?pid=TVSF6B4GNQNCZSYK&srno=s_2_33&otracker=search&otracker1=search&lid=LSTTVSF6B4GNQNCZSYKWKGLKX&fm=organic&iid=20c919b5-af02-4956-8c65-958499d903f9.TVSF6B4GNQNCZSYK.SEARCH&ppt=sp&ppn=sp&ssid=ylyme5o7cw0000001572795142386&qH=0e9823883e72a0ba,"₹29,467"
LG 80cm (32 inch) HD Ready LED Smart TV 2018 Edition,/lg-80cm-32-inch-hd-ready-led-smart-tv-2018/p/itmf5zzhza7czedg?pid=TVSF5ZZHJGGR8KW2&srno=s_2_34&otracker=search&otracker1=search&lid=LSTTVSF5ZZHJGGR8KW2Y9CRB0&fm=organic&iid=32ab36a7-57b0-4e0d-b459-bcfa4d0e181a.TVSF5ZZHJGGR8KW2.SEARCH&ppt=sp&ppn=sp&ssid=ylyme5o7cw0000001572795142386&qH=0e9823883e72a0ba,"₹24,999"
LG 164cm (65 inch) Ultra HD (4K) LED Smart TV,/lg-164cm-65-inch-ultra-hd-4k-led-smart-tv/p/itmf6hfju2b9kkee?pid=TVSF6HFJAYXQDZNV&srno=s_2_35&otracker=search&otracker1=search&lid=LSTTVSF6HFJAYXQDZNVZ3QIBU&fm=organic&iid=bee63d56-19ab-45d9-8998-795df38c2d16.TVSF6HFJAYXQDZNV.SEARCH&ppt=sp&ppn=sp&ssid=ylyme5o7cw0000001572795142386&qH=0e9823883e72a0ba,"₹1,20,999"
LG Ultra HD 108cm (43 inch) Ultra HD (4K) LED Smart TV,/lg-ultra-hd-108cm-43-inch-4k-led-smart-tv/p/itmeurnchfc6u64v?pid=TVSEURNC6BPYHFVP&srno=s_2_36&otracker=search&otracker1=search&lid=LSTTVSEURNC6BPYHFVPVIQMSZ&fm=organic&iid=98b4ce25-cfde-4a07-8477-a71fd59962a9.TVSEURNC6BPYHFVP.SEARCH&ppt=sp&ppn=sp&ssid=ylyme5o7cw0000001572795142386&qH=0e9823883e72a0ba,"₹49,999"
LG 123cm (49 inch) Ultra HD (4K) LED Smart TV 2019 Edition with Nanocell,/lg-123cm-49-inch-ultra-hd-4k-led-smart-tv-2019-nanocell/p/itmfhbvzbgxq7ngr?pid=TVSFHBVZTNHTCZ7Y&srno=s_2_37&otracker=search&otracker1=search&lid=LSTTVSFHBVZTNHTCZ7YTYYOC6&fm=organic&iid=2e6674b0-6ac3-4cc3-85b4-8d9e8f876aa6.TVSFHBVZTNHTCZ7Y.SEARCH&ppt=sp&ppn=sp&ssid=ylyme5o7cw0000001572795142386&qH=0e9823883e72a0ba,"₹59,401"
LG B9 138cm (55 inch) Ultra HD (4K) OLED Smart TV,/lg-b9-138cm-55-inch-ultra-hd-4k-oled-smart-tv/p/itm4f43db3274329?pid=TVSFJY52FG5FFZZG&srno=s_2_38&otracker=search&otracker1=search&lid=LSTTVSFJY52FG5FFZZGYSUESL&fm=organic&iid=8ca4403f-d878-4ee1-aed3-5fdcc9970fd4.TVSFJY52FG5FFZZG.SEARCH&ppt=sp&ppn=sp&ssid=ylyme5o7cw0000001572795142386&qH=0e9823883e72a0ba,"₹1,29,999"
LG 80cm (32 inch) HD Ready LED TV,/lg-80cm-32-inch-hd-ready-led-tv/p/itmewphfrh66fbgq?pid=TVSEWPHFMEZNNGUQ&srno=s_2_39&otracker=search&otracker1=search&lid=LSTTVSEWPHFMEZNNGUQ9SCGOA&fm=organic&iid=65736d56-c052-4f8e-8b29-087a80cd3ab6.TVSEWPHFMEZNNGUQ.SEARCH&ppt=sp&ppn=sp&ssid=ylyme5o7cw0000001572795142386&qH=0e9823883e72a0ba,"₹16,999"
LG 108cm (43 inch) Full HD LED TV,/lg-108cm-43-inch-full-hd-led-tv/p/itmeurm5qzndhzgt?pid=TVSEURM5BSGYQBG3&srno=s_2_40&otracker=search&otracker1=search&lid=LSTTVSEURM5BSGYQBG3A4ZWU8&fm=organic&iid=2c87ff38-89c9-4b04-9a62-b41ccfd07536.TVSEURM5BSGYQBG3.SEARCH&ppt=sp&ppn=sp&ssid=ylyme5o7cw0000001572795142386&qH=0e9823883e72a0ba,"₹36,999"
LG 189cm (75 inch) Ultra HD (4K) LED Smart TV 2019 Edition,/lg-189cm-75-inch-ultra-hd-4k-led-smart-tv-2019/p/itmfhbvzknfxsend?pid=TVSFHBVZB38JZNTJ&srno=s_2_41&otracker=search&otracker1=search&lid=LSTTVSFHBVZB38JZNTJIWM9V4&fm=organic&iid=0e9c4f46-1b6d-4e0f-8133-d62cae031983.TVSFHBVZB38JZNTJ.SEARCH&ppt=sp&ppn=sp&ssid=ylyme5o7cw0000001572795142386&qH=0e9823883e72a0ba,"₹1,99,999"
LG 139cm (55 inch) Ultra HD (4K) LED Smart TV,/lg-139cm-55-inch-ultra-hd-4k-led-smart-tv/p/itmf6hfjghjfkxjy?pid=TVSF6HFJH36BQWQH&srno=s_2_42&otracker=search&otracker1=search&lid=LSTTVSF6HFJH36BQWQH3QPUQK&fm=organic&iid=512fc85f-9cea-4f92-a519-d84288d96b5c.TVSF6HFJH36BQWQH.SEARCH&ppt=sp&ppn=sp&ssid=ylyme5o7cw0000001572795142386&qH=0e9823883e72a0ba,"₹76,999"
LG 80cm (32 inch) HD Ready LED TV,/lg-80cm-32-inch-hd-ready-led-tv/p/itmeurncyrnzryet?pid=TVSEURNCQZWESU9A&srno=s_2_43&otracker=search&otracker1=search&lid=LSTTVSEURNCQZWESU9ALA4OUB&fm=organic&iid=643e22b6-cf85-4474-a550-3146035f9e9c.TVSEURNCQZWESU9A.SEARCH&ppt=sp&ppn=sp&ssid=ylyme5o7cw0000001572795142386&qH=0e9823883e72a0ba,"₹21,000"
LG 123cm (49 inch) Full HD LED Smart TV,/lg-123cm-49-inch-full-hd-led-smart-tv/p/itmejzsfdbubghek?pid=TVSEJZSFFGSGWZHZ&srno=s_2_44&otracker=search&otracker1=search&lid=LSTTVSEJZSFFGSGWZHZYJHBYD&fm=organic&iid=df1dc46a-3320-4f9e-ac31-572588298ab8.TVSEJZSFFGSGWZHZ.SEARCH&ppt=sp&ppn=sp&ssid=ylyme5o7cw0000001572795142386&qH=0e9823883e72a0ba,"₹49,999"
LG 108cm (43 inch) Ultra HD (4K) LED Smart TV,/lg-108cm-43-inch-ultra-hd-4k-led-smart-tv/p/itmf7yraubnjgyzg?pid=TVSF7YRA5MZ96AC3&srno=s_2_45&otracker=search&otracker1=search&lid=LSTTVSF7YRA5MZ96AC3UYD2BL&fm=organic&iid=acda2953-33d3-4acb-9abd-820db0001c3d.TVSF7YRA5MZ96AC3.SEARCH&ppt=sp&ppn=sp&ssid=ylyme5o7cw0000001572795142386&qH=0e9823883e72a0ba,"₹47,499"
LG 123cm (49 inch) Full HD LED TV,/lg-123cm-49-inch-full-hd-led-tv/p/itmeurncg9txumtm?pid=TVSEURNC7QB3GZHX&srno=s_2_46&otracker=search&otracker1=search&lid=LSTTVSEURNC7QB3GZHXKWYZQB&fm=organic&iid=53572602-a332-443c-944e-5f78a829b924.TVSEURNC7QB3GZHX.SEARCH&ppt=sp&ppn=sp&ssid=ylyme5o7cw0000001572795142386&qH=0e9823883e72a0ba,"₹44,999"
LG 123cm (49 inch) Full HD LED Smart TV,/lg-123cm-49-inch-full-hd-led-smart-tv/p/itmeurncmn7a9hez?pid=TVSEURNCC6HGZYGG&srno=s_2_47&otracker=search&otracker1=search&lid=LSTTVSEURNCC6HGZYGG9YADHG&fm=organic&iid=bc0a8e09-de43-4b7f-b8da-894f1c652ecd.TVSEURNCC6HGZYGG.SEARCH&ppt=sp&ppn=sp&ssid=ylyme5o7cw0000001572795142386&qH=0e9823883e72a0ba,"₹49,999"
LG Led 70cm (28 inch) HD Ready LED TV,/lg-led-70cm-28-inch-hd-ready-tv/p/itmejnn8gfvmesyr?pid=TVSEJNN8WYRZF2MY&srno=s_2_48&otracker=search&otracker1=search&lid=LSTTVSEJNN8WYRZF2MYV6JDUA&fm=organic&iid=6967828f-bfe4-47c6-9b88-13ce3ed204b3.TVSEJNN8WYRZF2MY.SEARCH&ppt=sp&ppn=sp&ssid=ylyme5o7cw0000001572795142386&qH=0e9823883e72a0ba,"₹13,999"
LG 164cm (65 inch) Ultra HD (4K) OLED Smart TV,/lg-164cm-65-inch-ultra-hd-4k-oled-smart-tv/p/itmf6hfjhvfhmfda?pid=TVSF6HFJVNXDMSSY&srno=s_3_49&otracker=search&otracker1=search&lid=LSTTVSF6HFJVNXDMSSYJAAZOQ&fm=organic&iid=868d6cb0-9c3b-4bb9-8792-147df6281572.TVSF6HFJVNXDMSSY.SEARCH&ppt=sp&ppn=sp&ssid=ylyme5o7cw0000001572795142386&qH=0e9823883e72a0ba,"₹3,49,999"
LG LJ523D 80cm (32 inch) HD Ready LED TV,/lg-lj523d-80cm-32-inch-hd-ready-led-tv/p/itmeurm8jngbx8ju?pid=TVSEURM8FHVHQTU3&srno=s_3_50&otracker=search&otracker1=search&lid=LSTTVSEURM8FHVHQTU3CHQNYD&fm=organic&iid=4212580c-7960-429a-a76c-c682f66589b9.TVSEURM8FHVHQTU3.SEARCH&ppt=sp&ppn=sp&ssid=ylyme5o7cw0000001572795142386&qH=0e9823883e72a0ba,"₹20,500"
LG 164cm (65 inch) Ultra HD (4K) OLED Smart TV,/lg-164cm-65-inch-ultra-hd-4k-oled-smart-tv/p/itmf6efdugzhaqq8?pid=TVSF6EFDDVHQ2TUJ&srno=s_3_51&otracker=search&otracker1=search&lid=LSTTVSF6EFDDVHQ2TUJP8MXZY&fm=organic&iid=afab5df0-2d7f-4210-b414-368a8e40a2f8.TVSF6EFDDVHQ2TUJ.SEARCH&ppt=sp&ppn=sp&ssid=ylyme5o7cw0000001572795142386&qH=0e9823883e72a0ba,"₹2,49,999"
LG 139cm (55 inch) Ultra HD (4K) LED Smart TV 2019 Edition with Nanocell,/lg-139cm-55-inch-ultra-hd-4k-led-smart-tv-2019-nanocell/p/itmfhbvzyeanby8d?pid=TVSFHBVZG5663JTD&srno=s_3_52&otracker=search&otracker1=search&lid=LSTTVSFHBVZG5663JTD1HPWD3&fm=organic&iid=1f5cc3fd-5e5f-427f-9452-7a33da149fe4.TVSFHBVZG5663JTD.SEARCH&ppt=sp&ppn=sp&ssid=ylyme5o7cw0000001572795142386&qH=0e9823883e72a0ba,"₹97,011"
LG LH576T 108cm (43 inch) Full HD LED Smart TV,/lg-lh576t-108cm-43-inch-full-hd-led-smart-tv/p/itmejnn8cqpaywsz?pid=TVSEJNN8HHQK6KXZ&srno=s_3_53&otracker=search&otracker1=search&lid=LSTTVSEJNN8HHQK6KXZ5ZN7MK&fm=organic&iid=96cade6e-b6f7-43be-9dab-db2814aa9c92.TVSEJNN8HHQK6KXZ.SEARCH&ppt=sp&ppn=sp&ssid=ylyme5o7cw0000001572795142386&qH=0e9823883e72a0ba,"₹36,000"
LG Led 80cm (32 inch) HD Ready LED TV,/lg-led-80cm-32-inch-hd-ready-tv/p/itmeurnc5e8raghd?pid=TVSEURNC2QFZHEV6&srno=s_3_54&otracker=search&otracker1=search&lid=LSTTVSEURNC2QFZHEV6BC9PNU&fm=organic&iid=99e13adf-1820-4f95-b5c2-6b0a43c92e73.TVSEURNC2QFZHEV6.SEARCH&ppt=sp&ppn=sp&ssid=ylyme5o7cw0000001572795142386&qH=0e9823883e72a0ba,"₹18,500"
LG C9 138cm (55 inch) Ultra HD (4K) OLED Smart TV,/lg-c9-138cm-55-inch-ultra-hd-4k-oled-smart-tv/p/itm5179833d86ab7?pid=TVSFJY52KZTNNSR3&srno=s_3_55&otracker=search&otracker1=search&lid=LSTTVSFJY52KZTNNSR3R2BVOZ&fm=organic&iid=e5b7a687-3ecc-4f32-b93a-b6283da286c8.TVSFJY52KZTNNSR3.SEARCH&ppt=sp&ppn=sp&ssid=ylyme5o7cw0000001572795142386&qH=0e9823883e72a0ba,"₹1,47,827"
LG SM81 165.1cm (65 inch) Ultra HD (4K) LED Smart TV with Nanocell,/lg-sm81-165-1cm-65-inch-ultra-hd-4k-led-smart-tv-nanocell/p/itmfce0b8cd99964?pid=TVSFJY52ZBJ5W5XX&srno=s_3_56&otracker=search&otracker1=search&lid=LSTTVSFJY52ZBJ5W5XXKV6HG0&fm=organic&iid=91f80e43-3b13-4d3d-adbc-85342dd9dff3.TVSFJY52ZBJ5W5XX.SEARCH&ppt=sp&ppn=sp&ssid=ylyme5o7cw0000001572795142386&qH=0e9823883e72a0ba,"₹1,05,961"
LG 164cm (65 inch) Ultra HD (4K) OLED Smart TV,/lg-164cm-65-inch-ultra-hd-4k-oled-smart-tv/p/itmf6hfjtnzezbyf?pid=TVSF6HFJKZC7K4JF&srno=s_3_57&otracker=search&otracker1=search&lid=LSTTVSF6HFJKZC7K4JFKREUQ4&fm=organic&iid=fcaee180-6084-44b0-828a-5917135a7d93.TVSF6HFJKZC7K4JF.SEARCH&ppt=sp&ppn=sp&ssid=ylyme5o7cw0000001572795142386&qH=0e9823883e72a0ba,"₹1,99,611"
LG 80cm (32 inch) HD Ready LED Smart TV,/lg-80cm-32-inch-hd-ready-led-smart-tv/p/itmegmyegwysvzux?pid=TVSEGMYEFWHHR8TJ&srno=s_3_58&otracker=search&otracker1=search&lid=LSTTVSEGMYEFWHHR8TJBHRBSX&fm=organic&iid=c9d6edc8-6379-4365-99fd-c2771bb0e7c4.TVSEGMYEFWHHR8TJ.SEARCH&ppt=sp&ppn=sp&ssid=ylyme5o7cw0000001572795142386&qH=0e9823883e72a0ba,"₹30,999"
LG 139cm (55 inch) Ultra HD (4K) OLED Smart TV,/lg-139cm-55-inch-ultra-hd-4k-oled-smart-tv/p/itmf6efddx5bz9fy?pid=TVSF6EFDNYZAZSRR&srno=s_3_59&otracker=search&otracker1=search&lid=LSTTVSF6EFDNYZAZSRR2HVXMK&fm=organic&iid=cae41e62-153f-4083-8027-91792c2d5826.TVSF6EFDNYZAZSRR.SEARCH&ppt=sp&ppn=sp&ssid=ylyme5o7cw0000001572795142386&qH=0e9823883e72a0ba,"₹1,29,900"
LG 108cm (43 inch) Full HD LED Smart TV,/lg-108cm-43-inch-full-hd-led-smart-tv/p/itmejeryehkfah7y?pid=TVSEJERYESG2SGAX&srno=s_3_60&otracker=search&otracker1=search&lid=LSTTVSEJERYESG2SGAX98HBSP&fm=organic&iid=d1314c8b-08df-4ef6-bdcd-530ea08ef32a.TVSEJERYESG2SGAX.SEARCH&ppt=sp&ppn=sp&ssid=ylyme5o7cw0000001572795142386&qH=0e9823883e72a0ba,"₹55,950"
LG 123cm (49 inch) Ultra HD (4K) LED Smart TV,/lg-123cm-49-inch-ultra-hd-4k-led-smart-tv/p/itmejqzfhgaa6yea?pid=TVSEJQZFN3FWVYCC&srno=s_3_61&otracker=search&otracker1=search&lid=LSTTVSEJQZFN3FWVYCCY4T7XA&fm=organic&iid=7cfb862b-444d-4e4d-ad4f-f3f8249f8fae.TVSEJQZFN3FWVYCC.SEARCH&ppt=sp&ppn=sp&ssid=ylyme5o7cw0000001572795142386&qH=0e9823883e72a0ba,"₹1,09,459"
LG 164cm (65 inch) Ultra HD (4K) LED Smart TV,/lg-164cm-65-inch-ultra-hd-4k-led-smart-tv/p/itmeurncggeeegva?pid=TVSEURNCTHWG9WZF&srno=s_3_62&otracker=search&otracker1=search&lid=LSTTVSEURNCTHWG9WZF1GBWBM&fm=organic&iid=d50c1e2c-6775-4cbd-a53e-5a71c16d211f.TVSEURNCTHWG9WZF.SEARCH&ppt=sp&ppn=sp&ssid=ylyme5o7cw0000001572795142386&qH=0e9823883e72a0ba,"₹2,89,900"
LG Ultra HD 139cm (55 inch) Ultra HD (4K) LED Smart TV,/lg-ultra-hd-139cm-55-inch-4k-led-smart-tv/p/itmeurnckfyzvkyb?pid=TVSEURNC7XGVM4HZ&srno=s_3_63&otracker=search&otracker1=search&lid=LSTTVSEURNC7XGVM4HZKC11ND&fm=organic&iid=0c7a8044-03fb-45b7-827d-12f9f2ade82e.TVSEURNC7XGVM4HZ.SEARCH&ppt=sp&ppn=sp&ssid=ylyme5o7cw0000001572795142386&qH=0e9823883e72a0ba,"₹64,999"
LG 123cm (49 inch) Ultra HD (4K) LED Smart TV 2018 Edition,/lg-123cm-49-inch-ultra-hd-4k-led-smart-tv-2018/p/itmf6b4g3hzwtacz?pid=TVSF6B4G3NB9XXHH&srno=s_3_64&otracker=search&otracker1=search&lid=LSTTVSF6B4G3NB9XXHHREIKEB&fm=organic&iid=f5704013-5303-463f-9819-651d666ed8fa.TVSF6B4G3NB9XXHH.SEARCH&ppt=sp&ppn=sp&ssid=ylyme5o7cw0000001572795142386&qH=0e9823883e72a0ba,"₹78,499"
LG 80cm (32 inch) HD Ready LED TV,/lg-80cm-32-inch-hd-ready-led-tv/p/itmf7yraswhnqfzx?pid=TVSF7YRAQKBUFPH7&srno=s_3_65&otracker=search&otracker1=search&lid=LSTTVSF7YRAQKBUFPH7C0YBSC&fm=organic&iid=e079cf88-0d80-49c9-9761-36e78876709f.TVSF7YRAQKBUFPH7.SEARCH&ppt=sp&ppn=sp&ssid=ylyme5o7cw0000001572795142386&qH=0e9823883e72a0ba,"₹17,990"
LG Super UHD 164cm (65 inch) Ultra HD (4K) LED Smart TV,/lg-super-uhd-164cm-65-inch-ultra-hd-4k-led-smart-tv/p/itmeurncjem6vh26?pid=TVSEURNCFJ5Q6PEA&srno=s_3_66&otracker=search&otracker1=search&lid=LSTTVSEURNCFJ5Q6PEALQXTKT&fm=organic&iid=29b5bc0e-5c55-460f-9e42-8f8f86264b4f.TVSEURNCFJ5Q6PEA.SEARCH&ppt=sp&ppn=sp&ssid=ylyme5o7cw0000001572795142386&qH=0e9823883e72a0ba,"₹1,89,999"
LG 139cm (55 inch) Full HD LED Smart TV,/lg-139cm-55-inch-full-hd-led-smart-tv/p/itmejnn8fwbvarvf?pid=TVSEJNN8EJZUHCVX&srno=s_3_67&otracker=search&otracker1=search&lid=LSTTVSEJNN8EJZUHCVXJUKD6M&fm=organic&iid=353ab906-437c-4f59-b46c-3cf9e468856e.TVSEJNN8EJZUHCVX.SEARCH&ppt=sp&ppn=sp&ssid=ylyme5o7cw0000001572795142386&qH=0e9823883e72a0ba,"₹1,03,900"
LG 164cm (65 inch) Ultra HD (4K) LED Smart TV,/lg-164cm-65-inch-ultra-hd-4k-led-smart-tv/p/itmf6hfjkybz2nhf?pid=TVSF6HFJFZ6G94P6&srno=s_3_68&otracker=search&otracker1=search&lid=LSTTVSF6HFJFZ6G94P63FZKBT&fm=organic&iid=33daab00-3baa-4204-bb21-11924861f1e6.TVSF6HFJFZ6G94P6.SEARCH&ppt=sp&ppn=sp&ssid=ylyme5o7cw0000001572795142386&qH=0e9823883e72a0ba,"₹1,49,999"
LG 123cm (49 inch) Full HD LED Smart TV,/lg-123cm-49-inch-full-hd-led-smart-tv/p/itmeurncp29rkqrt?pid=TVSEURNCDTVW33UH&srno=s_3_69&otracker=search&otracker1=search&lid=LSTTVSEURNCDTVW33UHR1SFRJ&fm=organic&iid=c7c56b90-1833-4254-976b-9fa8a8bb1fd9.TVSEURNCDTVW33UH.SEARCH&ppt=sp&ppn=sp&ssid=ylyme5o7cw0000001572795142386&qH=0e9823883e72a0ba,"₹55,999"
LG 139cm (55 inch) Ultra HD (4K) OLED Smart TV,/lg-139cm-55-inch-ultra-hd-4k-oled-smart-tv/p/itmf6hfjhhyj2fzx?pid=TVSF6HFJ6KZJGEHC&srno=s_3_70&otracker=search&otracker1=search&lid=LSTTVSF6HFJ6KZJGEHCUDVSIO&fm=organic&iid=abae7451-0c76-4794-9a28-530073e3dcd8.TVSF6HFJ6KZJGEHC.SEARCH&ppt=sp&ppn=sp&ssid=ylyme5o7cw0000001572795142386&qH=0e9823883e72a0ba,"₹1,59,999"
LG 139cm (55 inch) Ultra HD (4K) LED Smart TV,/lg-139cm-55-inch-ultra-hd-4k-led-smart-tv/p/itmejqzfyngky8qt?pid=TVSEJQZFBQBEQVWQ&srno=s_3_71&otracker=search&otracker1=search&lid=LSTTVSEJQZFBQBEQVWQQRBUTJ&fm=organic&iid=c081e809-1e34-4de5-bd42-c613afd04716.TVSEJQZFBQBEQVWQ.SEARCH&ppt=sp&ppn=sp&ssid=ylyme5o7cw0000001572795142386&qH=0e9823883e72a0ba,"₹1,59,900"
LG 123cm (49 inch) Full HD LED Smart TV,/lg-123cm-49-inch-full-hd-led-smart-tv/p/itmf3xq4wmhxzac5?pid=TVSEURNCT5SJMS9H&srno=s_3_72&otracker=search&otracker1=search&lid=LSTTVSEURNCT5SJMS9HAID3KB&fm=organic&iid=b3db2523-ddbd-46e4-a1e9-ccefea16bf3f.TVSEURNCT5SJMS9H.SEARCH&ppt=sp&ppn=sp&ssid=ylyme5o7cw0000001572795142386&qH=0e9823883e72a0ba,"₹54,499"
LG 123cm (49 inch) Full HD LED Smart TV 2018 Edition,/lg-123cm-49-inch-full-hd-led-smart-tv-2018/p/itmf5zzhvp4vugy2?pid=TVSF5ZZH2GHE6DJG&srno=s_4_73&otracker=search&otracker1=search&lid=LSTTVSF5ZZH2GHE6DJGZHRAOD&fm=organic&iid=1da200d8-41d8-4d6c-9ebb-52ef1b703298.TVSF5ZZH2GHE6DJG.SEARCH&ppt=sp&ppn=sp&ssid=ylyme5o7cw0000001572795142386&qH=0e9823883e72a0ba,"₹52,999"
LG B9 164cm (65 inch) Ultra HD (4K) OLED Smart TV,/lg-b9-164cm-65-inch-ultra-hd-4k-oled-smart-tv/p/itmdc74084965cd9?pid=TVSFJY52FN2BGSQZ&srno=s_4_74&otracker=search&otracker1=search&lid=LSTTVSFJY52FN2BGSQZXKDOUU&fm=organic&iid=fa152913-0333-4e88-85e1-87a6bea793b3.TVSFJY52FN2BGSQZ.SEARCH&ppt=sp&ppn=sp&ssid=ylyme5o7cw0000001572795142386&qH=0e9823883e72a0ba,"₹2,24,819"
LG 123cm (49 inch) Full HD LED TV,/lg-123cm-49-inch-full-hd-led-tv/p/itmejeryhzffzf4y?pid=TVSEJERYBVUZNGHK&srno=s_4_75&otracker=search&otracker1=search&lid=LSTTVSEJERYBVUZNGHKGUJZX2&fm=organic&iid=f46c47b1-1390-417a-b697-4221879a5f5d.TVSEJERYBVUZNGHK.SEARCH&ppt=sp&ppn=sp&ssid=ylyme5o7cw0000001572795142386&qH=0e9823883e72a0ba,"₹56,959"
LG C9 164cm (65 inch) Ultra HD (4K) OLED Smart TV,/lg-c9-164cm-65-inch-ultra-hd-4k-oled-smart-tv/p/itm4bc88b07dcef5?pid=TVSFJY52SZHXDUB8&srno=s_4_76&otracker=search&otracker1=search&lid=LSTTVSFJY52SZHXDUB87Y8HZH&fm=organic&iid=60b320ed-45d2-4900-be77-a2e2f89f1764.TVSFJY52SZHXDUB8.SEARCH&ppt=sp&ppn=sp&ssid=ylyme5o7cw0000001572795142386&qH=0e9823883e72a0ba,"₹2,29,647"
LG 164cm (65 inch) Ultra HD (4K) LED Smart TV 2018 Edition,/lg-164cm-65-inch-ultra-hd-4k-led-smart-tv-2018/p/itmf5zzhgg7sqnyz?pid=TVSF5ZZHXBGUXEFM&srno=s_4_77&otracker=search&otracker1=search&lid=LSTTVSF5ZZHXBGUXEFML7ZZPZ&fm=organic&iid=c0e99214-ea44-4a40-a556-564196ea7a53.TVSF5ZZHXBGUXEFM.SEARCH&ppt=sp&ppn=sp&ssid=ylyme5o7cw0000001572795142386&qH=0e9823883e72a0ba,"₹1,99,999"
LG Ultra HD 108cm (43 inch) Ultra HD (4K) LED Smart TV,/lg-ultra-hd-108cm-43-inch-4k-led-smart-tv/p/itmeurnctfevcvxp?pid=TVSEURNC7DU7FWZT&srno=s_4_78&otracker=search&otracker1=search&lid=LSTTVSEURNC7DU7FWZTTGIBTF&fm=organic&iid=7f1cbce0-7ba2-4142-a388-1dc88124d70d.TVSEURNC7DU7FWZT.SEARCH&ppt=sp&ppn=sp&ssid=ylyme5o7cw0000001572795142386&qH=0e9823883e72a0ba,"₹54,999"
LG OLED 139cm (55 inch) Ultra HD (4K) OLED Smart TV,/lg-oled-139cm-55-inch-ultra-hd-4k-smart-tv/p/itmeurnc6qepssgs?pid=TVSEURNCFZ5JFFEQ&srno=s_4_79&otracker=search&otracker1=search&lid=LSTTVSEURNCFZ5JFFEQUUE3FW&fm=organic&iid=4b30cd46-809c-4246-8525-38b6d9631f7d.TVSEURNCFZ5JFFEQ.SEARCH&ppt=sp&ppn=sp&ssid=ylyme5o7cw0000001572795142386&qH=0e9823883e72a0ba,"₹1,97,999"
LG 123cm (49 inch) Ultra HD (4K) LED Smart TV 2018 Edition,/lg-123cm-49-inch-ultra-hd-4k-led-smart-tv-2018/p/itmf5zzhgjybmtwc?pid=TVSF5ZZHHKDVVXJC&srno=s_4_80&otracker=search&otracker1=search&lid=LSTTVSF5ZZHHKDVVXJCD920GV&fm=organic&iid=48dcc2e7-02a5-470a-a32d-b2b83b211065.TVSF5ZZHHKDVVXJC.SEARCH&ppt=sp&ppn=sp&ssid=ylyme5o7cw0000001572795142386&qH=0e9823883e72a0ba,"₹89,999"
LG 108cm (43 inch) Full HD LED Smart TV,/lg-108cm-43-inch-full-hd-led-smart-tv/p/itmeurm8fy8yhjgz?pid=TVSEURM8EVBNYA9J&srno=s_4_81&otracker=search&otracker1=search&lid=LSTTVSEURM8EVBNYA9JYE11TP&fm=organic&iid=058f179d-9f92-40a8-9785-29e148965e35.TVSEURM8EVBNYA9J.SEARCH&ppt=sp&ppn=sp&ssid=ylyme5o7cw0000001572795142386&qH=0e9823883e72a0ba,"₹43,900"
LG 151cm (60 inch) Ultra HD (4K) LED Smart TV,/lg-151cm-60-inch-ultra-hd-4k-led-smart-tv/p/itmejqzfgwd2cwcb?pid=TVSEJQZFJXHA4HXA&srno=s_4_82&otracker=search&otracker1=search&lid=LSTTVSEJQZFJXHA4HXASLTO5K&fm=organic&iid=01c54b21-9445-4721-95ee-a933e3382877.TVSEJQZFJXHA4HXA.SEARCH&ppt=sp&ppn=sp&ssid=ylyme5o7cw0000001572795142386&qH=0e9823883e72a0ba,"₹2,29,200"
LG 189cm (75 inch) Ultra HD (4K) LED Smart TV 2019 Edition with Nanocell,/lg-189cm-75-inch-ultra-hd-4k-led-smart-tv-2019-nanocell/p/itmfhbvzwrd6crnu?pid=TVSFHBVZ6FSMSZFZ&srno=s_4_83&otracker=search&otracker1=search&lid=LSTTVSFHBVZ6FSMSZFZNDD9CJ&fm=organic&iid=e2b97afb-5e3f-4c75-a680-1de6e42c4f76.TVSFHBVZ6FSMSZFZ.SEARCH&ppt=sp&ppn=sp&ssid=ylyme5o7cw0000001572795142386&qH=0e9823883e72a0ba,"₹3,27,771"
LG 195cm (77 inch) Ultra HD (4K) OLED Smart TV 2019 Edition,/lg-195cm-77-inch-ultra-hd-4k-oled-smart-tv-2019/p/itmfhbvz4uhpsexa?pid=TVSFHBVZ5DS5PF2F&srno=s_4_84&otracker=search&otracker1=search&lid=LSTTVSFHBVZ5DS5PF2FKEEBWS&fm=organic&iid=29cd3006-1b5b-45fa-a20d-af88bd59016a.TVSFHBVZ5DS5PF2F.SEARCH&ppt=sp&ppn=sp&ssid=ylyme5o7cw0000001572795142386&qH=0e9823883e72a0ba,"₹9,99,990"
LG 139cm (55 inch) Full HD LED Smart TV,/lg-139cm-55-inch-full-hd-led-smart-tv/p/itmf3xq4r4ya8hpg?pid=TVSEURNCMKJDYWFY&srno=s_4_85&otracker=search&otracker1=search&lid=LSTTVSEURNCMKJDYWFYXN8QJF&fm=organic&iid=ea2d3dfb-91cc-4957-9f55-fc0e378c461a.TVSEURNCMKJDYWFY.SEARCH&ppt=sp&ppn=sp&ssid=ylyme5o7cw0000001572795142386&qH=0e9823883e72a0ba,"₹59,000"
LG 123cm (49 inch) Ultra HD (4K) LED Smart TV,/lg-123cm-49-inch-ultra-hd-4k-led-smart-tv/p/itmeurnczzwkdw8h?pid=TVSEURNCJVAGY5DC&srno=s_4_86&otracker=search&otracker1=search&lid=LSTTVSEURNCJVAGY5DCTMTCX6&fm=organic&iid=c00cf713-1989-43aa-9081-c4f560aea918.TVSEURNCJVAGY5DC.SEARCH&ppt=sp&ppn=sp&ssid=ylyme5o7cw0000001572795142386&qH=0e9823883e72a0ba,"₹54,999"
LG Smart 108cm (43 inch) Full HD LED TV,/lg-smart-108cm-43-inch-full-hd-led-tv/p/itmeurncvgzykucf?pid=TVSEURNCDFRF8FQH&srno=s_4_87&otracker=search&otracker1=search&lid=LSTTVSEURNCDFRF8FQH9YYCFJ&fm=organic&iid=c71c8ed5-f5ef-4323-94e2-acd4c7aa364a.TVSEURNCDFRF8FQH.SEARCH&ppt=sp&ppn=sp&ssid=ylyme5o7cw0000001572795142386&qH=0e9823883e72a0ba,"₹33,999"
LG 164cm (65 inch) Ultra HD (4K) LED Smart TV,/lg-164cm-65-inch-ultra-hd-4k-led-smart-tv/p/itmf6hfjd9cmnzgs?pid=TVSF6HFJV6HXDFSF&srno=s_4_88&otracker=search&otracker1=search&lid=LSTTVSF6HFJV6HXDFSFBOVUZI&fm=organic&iid=f1364d2a-cafd-41c6-891b-00465ba34a65.TVSF6HFJV6HXDFSF.SEARCH&ppt=sp&ppn=sp&ssid=ylyme5o7cw0000001572795142386&qH=0e9823883e72a0ba,"₹2,39,100"
LG Ultra HD 108cm (43 inch) Ultra HD (4K) LED Smart TV,/lg-ultra-hd-108cm-43-inch-4k-led-smart-tv/p/itmeurncpjrfczee?pid=TVSEURNCJHTZFNYW&srno=s_4_89&otracker=search&otracker1=search&lid=LSTTVSEURNCJHTZFNYWFHIITL&fm=organic&iid=6701a29a-3900-4871-89fa-5cd7f74e5e70.TVSEURNCJHTZFNYW.SEARCH&ppt=sp&ppn=sp&ssid=ylyme5o7cw0000001572795142386&qH=0e9823883e72a0ba,"₹61,900"
LG 108cm (43 inch) Full HD LED Smart TV,/lg-108cm-43-inch-full-hd-led-smart-tv/p/itmeurncbcjhsdzq?pid=TVSEURNCZQGQVCCH&srno=s_4_90&otracker=search&otracker1=search&lid=LSTTVSEURNCZQGQVCCH6KCXMR&fm=organic&iid=b5a8475e-094d-4dfa-b777-4ec949408981.TVSEURNCZQGQVCCH.SEARCH&ppt=sp&ppn=sp&ssid=ylyme5o7cw0000001572795142386&qH=0e9823883e72a0ba,"₹35,935"
LG 80cm (32 inch) HD Ready LED Smart TV,/lg-80cm-32-inch-hd-ready-led-smart-tv/p/itmegmyedqatvzmz?pid=TVSEGMYEB2SWMGHE&srno=s_4_91&otracker=search&otracker1=search&lid=LSTTVSEGMYEB2SWMGHEPFBGRO&fm=organic&iid=01adff4e-91ef-4307-acfa-3027807373fd.TVSEGMYEB2SWMGHE.SEARCH&ppt=sp&ppn=sp&ssid=ylyme5o7cw0000001572795142386&qH=0e9823883e72a0ba,"₹26,000"
LG 80cm (32 inch) HD Ready LED TV,/lg-80cm-32-inch-hd-ready-led-tv/p/itmeurnccx79nucp?pid=TVSEURNCS9Z9RQZX&srno=s_4_92&otracker=search&otracker1=search&lid=LSTTVSEURNCS9Z9RQZXYA8MAU&fm=organic&iid=9ded424e-34d5-4f1c-829c-13ee93ec736a.TVSEURNCS9Z9RQZX.SEARCH&ppt=sp&ppn=sp&ssid=ylyme5o7cw0000001572795142386&qH=0e9823883e72a0ba,"₹26,990"
LG 80cm (32 inch) HD Ready LED Smart TV,/lg-80cm-32-inch-hd-ready-led-smart-tv/p/itmeurncrqkbhywm?pid=TVSEURNCDQNHGHSH&srno=s_4_93&otracker=search&otracker1=search&lid=LSTTVSEURNCDQNHGHSHMDD9ZR&fm=organic&iid=cb8d3389-f743-4712-b5b8-252eaccd3f94.TVSEURNCDQNHGHSH.SEARCH&ppt=sp&ppn=sp&ssid=ylyme5o7cw0000001572795142386&qH=0e9823883e72a0ba,"₹29,990"
LG 80cm (32 inch) HD Ready LED TV,/lg-80cm-32-inch-hd-ready-led-tv/p/itmeurm8etvpxfjz?pid=TVSEURM8RB33JAXX&srno=s_4_94&otracker=search&otracker1=search&lid=LSTTVSEURM8RB33JAXXSRX0C2&fm=organic&iid=1009057c-0757-4882-9b40-b7b9abd4aa9e.TVSEURM8RB33JAXX.SEARCH&ppt=sp&ppn=sp&ssid=ylyme5o7cw0000001572795142386&qH=0e9823883e72a0ba,"₹21,450"
LG 138cm (55 inch) Ultra HD (4K) LED Smart TV,/lg-138cm-55-inch-ultra-hd-4k-led-smart-tv/p/itmf6efdmtnjx4jf?pid=TVSF6EFDYZ6SJPRH&srno=s_4_95&otracker=search&otracker1=search&lid=LSTTVSF6EFDYZ6SJPRHYBECDA&fm=organic&iid=2ad3b13e-7929-4df2-9561-5758e36d04ef.TVSF6EFDYZ6SJPRH.SEARCH&ppt=sp&ppn=sp&ssid=ylyme5o7cw0000001572795142386&qH=0e9823883e72a0ba,"₹65,495"
LG 108cm (43 inch) Full HD LED TV,/lg-108cm-43-inch-full-hd-led-tv/p/itmejnn8ytdwrepq?pid=TVSEJNN8BCAU2BSZ&srno=s_4_96&otracker=search&otracker1=search&lid=LSTTVSEJNN8BCAU2BSZIXAZAJ&fm=organic&iid=48caae56-7f09-4bcf-84be-474449f3c8b1.TVSEJNN8BCAU2BSZ.SEARCH&ppt=sp&ppn=sp&ssid=ylyme5o7cw0000001572795142386&qH=0e9823883e72a0ba,"₹33,999"
LG 164cm (65 inch) Ultra HD (4K) LED Smart TV,/lg-164cm-65-inch-ultra-hd-4k-led-smart-tv/p/itmejud6csms33vz?pid=TVSEJUD6TV9Y2YTU&srno=s_5_97&otracker=search&otracker1=search&lid=LSTTVSEJUD6TV9Y2YTUHEDLRI&fm=organic&iid=8db9d188-99a6-4e0c-ad2c-f2b10c815735.TVSEJUD6TV9Y2YTU.SEARCH&ppt=sp&ppn=sp&ssid=ylyme5o7cw0000001572795142386&qH=0e9823883e72a0ba,"₹2,69,999"
LG 164cm (65 inch) Ultra HD (4K) LED Smart TV,/lg-164cm-65-inch-ultra-hd-4k-led-smart-tv/p/itmeurncemvu3hsu?pid=TVSEURNCF2HZZ9HD&srno=s_5_98&otracker=search&otracker1=search&lid=LSTTVSEURNCF2HZZ9HDUSQUWR&fm=organic&iid=7307e4bd-d22a-41bf-a56e-2caa5e2496b8.TVSEURNCF2HZZ9HD.SEARCH&ppt=sp&ppn=sp&ssid=ylyme5o7cw0000001572795142386&qH=0e9823883e72a0ba,"₹1,74,999"
LG 80cm (32 inch) HD Ready LED TV,/lg-80cm-32-inch-hd-ready-led-tv/p/itmeurm8h3skpt4s?pid=TVSEURM83HVNMXGG&srno=s_5_99&otracker=search&otracker1=search&lid=LSTTVSEURM83HVNMXGGUS4SCG&fm=organic&iid=fbb4be24-94c9-4b52-93c4-caf898772757.TVSEURM83HVNMXGG.SEARCH&ppt=sp&ppn=sp&ssid=ylyme5o7cw0000001572795142386&qH=0e9823883e72a0ba,"₹24,724"
LG Smart 108cm (43 inch) Full HD LED TV,/lg-smart-108cm-43-inch-full-hd-led-tv/p/itmeurnc7bfgg9ta?pid=TVSEURNCYRJCMETZ&srno=s_5_100&otracker=search&otracker1=search&lid=LSTTVSEURNCYRJCMETZGRQXJQ&fm=organic&iid=6f4fb213-d4a8-49ec-8c7b-9258cac52daa.TVSEURNCYRJCMETZ.SEARCH&ppt=sp&ppn=sp&ssid=ylyme5o7cw0000001572795142386&qH=0e9823883e72a0ba,"₹37,450"
