Product Name,URL,Price,Flipkart Assured
Samsung Series 7 138cm (55 inch) Ultra HD (4K) LED Smart TV,/samsung-series-7-138cm-55-inch-ultra-hd-4k-led-smart-tv/p/itmf5xzy9jajvkyg?pid=TVSF5XZYUP4Y67RZ&srno=s_1_1&otracker=search&otracker1=search&lid=LSTTVSF5XZYUP4Y67RZNY8VM5&fm=organic&iid=a126054f-8b21-4609-b633-920df902f570.TVSF5XZYUP4Y67RZ.SEARCH&ssid=7xrd1xkji80000001574492787583&qH=09909ad4a70de9a9,"₹85,999",
Samsung 139.7cm (55 inch) Ultra HD (4K) LED Smart TV,/samsung-139-7cm-55-inch-ultra-hd-4k-led-smart-tv/p/itmfggqbkgymah6g?pid=TVSFGGQBEVQK37YF&srno=s_1_2&otracker=search&otracker1=search&lid=LSTTVSFGGQBEVQK37YFSR4GFM&fm=organic&iid=63619151-3899-4786-b71c-21da87115694.TVSFGGQBEVQK37YF.SEARCH&ssid=7xrd1xkji80000001574492787583&qH=09909ad4a70de9a9,"₹58,990",
Samsung 139.7cm (55 inch) Ultra HD (4K) LED Smart TV,/samsung-139-7cm-55-inch-ultra-hd-4k-led-smart-tv/p/itmfggqb4pyhwng5?pid=TVSFGGQBMWBHAUHV&srno=s_1_3&otracker=search&otracker1=search&lid=LSTTVSFGGQBMWBHAUHVERGDF7&fm=organic&iid=64b38d81-a8c9-47b6-a217-1e2552ac7320.TVSFGGQBMWBHAUHV.SEARCH&ssid=7xrd1xkji80000001574492787583&qH=09909ad4a70de9a9,"₹67,000",
Samsung 163cm (65 inch) Ultra HD (4K) LED Smart TV,/samsung-163cm-65-inch-ultra-hd-4k-led-smart-tv/p/itm442ae5a2c7000?pid=TVSFH37DHP9GZVPM&srno=s_1_4&otracker=search&otracker1=search&lid=LSTTVSFH37DHP9GZVPM1ICZ47&fm=organic&iid=en_%2FXY5u1FOBPsFGFIJEmTywD1bcuA7gqONop8thBzSxXx1HEmCk%2FwOe5hAViawAvPRJ6w16vOiMNdYFVdHxGqC6A%3D%3D&ssid=7xrd1xkji80000001574492787583&qH=09909ad4a70de9a9,"₹1,15,999",
Samsung The Frame 138cm (55 inch) Ultra HD (4K) QLED Smart TV,/samsung-frame-138cm-55-inch-ultra-hd-4k-qled-smart-tv/p/itmfga98hdvdhutc?pid=TVSFGA98TEJ65HKB&srno=s_1_5&otracker=search&otracker1=search&lid=LSTTVSFGA98TEJ65HKB6PUPC5&fm=organic&iid=b6ff8a77-4c5d-4b32-8698-547ef7be82c1.TVSFGA98TEJ65HKB.SEARCH&ssid=7xrd1xkji80000001574492787583&qH=09909ad4a70de9a9,"₹84,999",
Samsung Super 6 138cm (55 inch) Ultra HD (4K) LED Smart TV,/samsung-super-6-138cm-55-inch-ultra-hd-4k-led-smart-tv/p/itmfdzq6xahtdzur?pid=TVSFDZQ6UPSJBGVN&srno=s_1_6&otracker=search&otracker1=search&lid=LSTTVSFDZQ6UPSJBGVNRFZ48B&fm=organic&iid=2091d518-cf1a-4b7f-97f1-f8455aa51d83.TVSFDZQ6UPSJBGVN.SEARCH&ssid=7xrd1xkji80000001574492787583&qH=09909ad4a70de9a9,"₹52,999",
Samsung Series 6 138cm (55 inch) Full HD Curved LED Smart TV,/samsung-series-6-138cm-55-inch-full-hd-curved-led-smart-tv/p/itmf3h7bm5yfemec?pid=TVSEVHPADCXZ9HDA&srno=s_1_7&otracker=search&otracker1=search&lid=LSTTVSEVHPADCXZ9HDASQWJA1&fm=organic&iid=c0aae9ad-56d3-46b3-9e5b-db8063954777.TVSEVHPADCXZ9HDA.SEARCH&ssid=7xrd1xkji80000001574492787583&qH=09909ad4a70de9a9,"₹1,06,200",
Samsung Q Series 138cm (55 inch) Ultra HD (4K) Curved QLED Smart TV,/samsung-q-series-138cm-55-inch-ultra-hd-4k-curved-qled-smart-tv/p/itmf5xzyegugembw?pid=TVSF5XZYXDRWRY9N&srno=s_1_8&otracker=search&otracker1=search&lid=LSTTVSF5XZYXDRWRY9NTHX64H&fm=organic&iid=eba9ffa3-f92f-41fe-b3fe-0aeec464a46a.TVSF5XZYXDRWRY9N.SEARCH&ssid=7xrd1xkji80000001574492787583&qH=09909ad4a70de9a9,"₹1,09,999",
Samsung 139.7cm (55 inch) Ultra HD (4K) LED Smart TV,/samsung-139-7cm-55-inch-ultra-hd-4k-led-smart-tv/p/itmfggqbjzrpzuys?pid=TVSFGGQBRGTGNANY&srno=s_1_9&otracker=search&otracker1=search&lid=LSTTVSFGGQBRGTGNANYG3IYOT&fm=organic&iid=5a414f08-edf1-4b90-8c2f-be6b8f2e230e.TVSFGGQBRGTGNANY.SEARCH&ssid=7xrd1xkji80000001574492787583&qH=09909ad4a70de9a9,"₹62,450",
Samsung 138cm (55 inch) Ultra HD (4K) Curved LED Smart TV,/samsung-138cm-55-inch-ultra-hd-4k-curved-led-smart-tv/p/itmek9rs5kmmc6wh?pid=TVSEK9RSKAZKFBUX&srno=s_1_10&otracker=search&otracker1=search&lid=LSTTVSEK9RSKAZKFBUXCXAERR&fm=organic&iid=e436f39b-ee47-494a-b3c8-d42a00d89734.TVSEK9RSKAZKFBUX.SEARCH&ssid=7xrd1xkji80000001574492787583&qH=09909ad4a70de9a9,"₹2,56,999",
Samsung Series 6 138cm (55 inch) Ultra HD (4K) LED Smart TV,/samsung-series-6-138cm-55-inch-ultra-hd-4k-led-smart-tv/p/itmexp6kcreyzhz5?pid=TVSEXP6KZKNB329A&srno=s_1_11&otracker=search&otracker1=search&lid=LSTTVSEXP6KZKNB329AA2O36D&fm=organic&iid=307cca1b-4fe2-4ead-9184-092deb43eb34.TVSEXP6KZKNB329A.SEARCH&ssid=7xrd1xkji80000001574492787583&qH=09909ad4a70de9a9,"₹99,999",
Samsung Q Series 138cm (55 inch) Ultra HD (4K) QLED Smart TV,/samsung-q-series-138cm-55-inch-ultra-hd-4k-qled-smart-tv/p/itmevcpkxngrjyfw?pid=TVSEVCPKBDUJWHQB&srno=s_1_12&otracker=search&otracker1=search&lid=LSTTVSEVCPKBDUJWHQBCDHLBH&fm=organic&iid=ab1e08ce-d172-48da-b078-6c36e18de3ed.TVSEVCPKBDUJWHQB.SEARCH&ssid=7xrd1xkji80000001574492787583&qH=09909ad4a70de9a9,"₹2,09,999",
Samsung Series 7 138cm (55 inch) Ultra HD (4K) LED Smart TV,/samsung-series-7-138cm-55-inch-ultra-hd-4k-led-smart-tv/p/itmevhpaehbsvw4y?pid=TVSEVHPA9ZZ5FV5K&srno=s_1_13&otracker=search&otracker1=search&lid=LSTTVSEVHPA9ZZ5FV5KRNI2NO&fm=organic&iid=338d4b02-8932-4bcc-80d2-c1695b44906f.TVSEVHPA9ZZ5FV5K.SEARCH&ssid=7xrd1xkji80000001574492787583&qH=09909ad4a70de9a9,"₹1,39,999",
Samsung Q70RAK 163cm (65 inch) Ultra HD (4K) QLED Smart TV,/samsung-q70rak-163cm-65-inch-ultra-hd-4k-qled-smart-tv/p/itmfggqbcppkvpqg?pid=TVSFHCBVDUPHHN4Z&srno=s_1_14&otracker=search&otracker1=search&lid=LSTTVSFHCBVDUPHHN4ZPYKT8X&fm=organic&iid=en_%2FXY5u1FOBPsFGFIJEmTywD1bcuA7gqONop8thBzSxXxagBY1ocHUP8yzJUNv1ss1KbVN7e%2FGm1lR41YBro8%2FaA%3D%3D&ssid=7xrd1xkji80000001574492787583&qH=09909ad4a70de9a9,"₹1,89,999",
Thomson R9 80cm (32 inch) HD Ready LED TV,/thomson-r9-80cm-32-inch-hd-ready-led-tv/p/itmf66gtyxgpskyc?pid=TVSF66GTBYHHZHAM&srno=s_1_15&otracker=search&otracker1=search&lid=LSTTVSF66GTBYHHZHAMTI4CGV&fm=organic&iid=542553d5-433c-481b-8d96-f33f8606856d.TVSF66GTBYHHZHAM.SEARCH&ssid=7xrd1xkji80000001574492787583&qH=09909ad4a70de9a9,"₹7,499",
Samsung Series 8 138cm (55 inch) Ultra HD (4K) LED Smart TV,/samsung-series-8-138cm-55-inch-ultra-hd-4k-led-smart-tv/p/itmf5xzy9wh5pdgs?pid=TVSF5XZYHV6DZP7B&srno=s_1_16&otracker=search&otracker1=search&lid=LSTTVSF5XZYHV6DZP7BWVTZS9&fm=organic&iid=285a3d3b-2712-486d-8ace-a8e1552075fe.TVSF5XZYHV6DZP7B.SEARCH&ssid=7xrd1xkji80000001574492787583&qH=09909ad4a70de9a9,"₹1,10,300",
Samsung Series 5 138cm (55 inch) Full HD LED Smart TV,/samsung-series-5-138cm-55-inch-full-hd-led-smart-tv/p/itmevhpauegrvgyg?pid=TVSEVHPAMEEYMHBP&srno=s_1_17&otracker=search&otracker1=search&lid=LSTTVSEVHPAMEEYMHBP8OXGAE&fm=organic&iid=e496b086-f878-4416-a478-3791a7a7ae02.TVSEVHPAMEEYMHBP.SEARCH&ssid=7xrd1xkji80000001574492787583&qH=09909ad4a70de9a9,"₹88,999",
Samsung Series 7 138cm (55 inch) Ultra HD (4K) Curved LED Smart TV,/samsung-series-7-138cm-55-inch-ultra-hd-4k-curved-led-smart-tv/p/itmevhpavg8vks9v?pid=TVSEVHPAGTHRFXUY&srno=s_1_18&otracker=search&otracker1=search&lid=LSTTVSEVHPAGTHRFXUYSQUEA6&fm=organic&iid=37d02856-14ba-4a48-a082-39c3bd243d9b.TVSEVHPAGTHRFXUY.SEARCH&ssid=7xrd1xkji80000001574492787583&qH=09909ad4a70de9a9,"₹2,06,999",
Samsung Q Series 138cm (55 inch) Ultra HD (4K) Curved QLED Smart TV,/samsung-q-series-138cm-55-inch-ultra-hd-4k-curved-qled-smart-tv/p/itmf5xzyvf4hkhk7?pid=TVSF5XZYNJUZY6XW&srno=s_1_19&otracker=search&otracker1=search&lid=LSTTVSF5XZYNJUZY6XWNKWNTJ&fm=organic&iid=97d950af-d0d6-4336-9936-6eef826f5aee.TVSF5XZYNJUZY6XW.SEARCH&ssid=7xrd1xkji80000001574492787583&qH=09909ad4a70de9a9,"₹1,25,999",
Samsung 138cm (55 inch) Ultra HD (4K) LED Smart TV,/samsung-138cm-55-inch-ultra-hd-4k-led-smart-tv/p/itmehyhezxq2abjv?pid=TVSEHYHEQRGFJYGJ&srno=s_1_20&otracker=search&otracker1=search&lid=LSTTVSEHYHEQRGFJYGJIWZMZV&fm=organic&iid=3f238b05-7453-446f-be18-20aad08ab3ec.TVSEHYHEQRGFJYGJ.SEARCH&ssid=7xrd1xkji80000001574492787583&qH=09909ad4a70de9a9,"₹1,25,990",
Samsung Series 7 138cm (55 inch) Ultra HD (4K) LED Smart TV,/samsung-series-7-138cm-55-inch-ultra-hd-4k-led-smart-tv/p/itmf5xzypgz9geyt?pid=TVSF5XZYZWVFKFXR&srno=s_1_21&otracker=search&otracker1=search&lid=LSTTVSF5XZYZWVFKFXR6XPIP3&fm=organic&iid=44e4d7da-dff5-443f-9431-29a89e5a8673.TVSF5XZYZWVFKFXR.SEARCH&ssid=7xrd1xkji80000001574492787583&qH=09909ad4a70de9a9,"₹79,999",
Samsung Q60RAK 138cm (55 inch) Ultra HD (4K) QLED Smart TV,/samsung-q60rak-138cm-55-inch-ultra-hd-4k-qled-smart-tv/p/itmfggqbp3kvvabs?pid=TVSFGGQBZSTUHAH4&srno=s_1_22&otracker=search&otracker1=search&lid=LSTTVSFGGQBZSTUHAH4JJT1GH&fm=organic&iid=9dd5d7dd-b6a7-4346-aa1b-e2e14aa12c1d.TVSFGGQBZSTUHAH4.SEARCH&ssid=7xrd1xkji80000001574492787583&qH=09909ad4a70de9a9,"₹87,146",
Samsung Q Series 138cm (55 inch) Ultra HD (4K) Curved QLED Smart TV,/samsung-q-series-138cm-55-inch-ultra-hd-4k-curved-qled-smart-tv/p/itmevcncc6gcmhkn?pid=TVSEVCNCEQKVZMVT&srno=s_1_23&otracker=search&otracker1=search&lid=LSTTVSEVCNCEQKVZMVTRDWTIU&fm=organic&iid=fce4d503-7106-444f-a6d5-1a1c1a568b51.TVSEVCNCEQKVZMVT.SEARCH&ssid=7xrd1xkji80000001574492787583&qH=09909ad4a70de9a9,"₹1,89,999",
Samsung Q80RAK 138cm (55 inch) Ultra HD (4K) QLED Smart TV,/samsung-q80rak-138cm-55-inch-ultra-hd-4k-qled-smart-tv/p/itmfggqbrf6jpyxr?pid=TVSFGGQBY7ZGW4FH&srno=s_1_24&otracker=search&otracker1=search&lid=LSTTVSFGGQBY7ZGW4FH35OTK1&fm=organic&iid=8535b5a3-ba42-4d58-aaa3-45098e213b98.TVSFGGQBY7ZGW4FH.SEARCH&ssid=7xrd1xkji80000001574492787583&qH=09909ad4a70de9a9,"₹1,35,960",
Samsung Q70RAK 138cm (55 inch) Ultra HD (4K) QLED Smart TV,/samsung-q70rak-138cm-55-inch-ultra-hd-4k-qled-smart-tv/p/itmfggqb2q7ecfqd?pid=TVSFHCBV4HHDWGJB&srno=s_2_25&otracker=search&otracker1=search&lid=LSTTVSFHCBV4HHDWGJBZJLH1Z&fm=organic&iid=c160b106-b3b0-46b0-9782-d14b443b313b.TVSFHCBV4HHDWGJB.SEARCH&ppt=sp&ppn=sp&ssid=uxgv8z4rls0000001574492773816&qH=09909ad4a70de9a9,"₹1,24,999",
Samsung Series 4 80cm (32 inch) HD Ready LED Smart TV,/samsung-series-4-80cm-32-inch-hd-ready-led-smart-tv/p/itmfga98hypx8wzc?pid=TVSFGA98FMUQ6V4E&srno=s_2_26&otracker=search&otracker1=search&lid=LSTTVSFGA98FMUQ6V4ESFR1HZ&fm=organic&iid=be48533d-9240-4a7e-8f92-34fb7c5d1905.TVSFGA98FMUQ6V4E.SEARCH&ppt=sp&ppn=sp&ssid=uxgv8z4rls0000001574492773816&qH=09909ad4a70de9a9,"₹14,999",
Samsung 80cm (32 inch) HD Ready LED TV 2018 Edition,/samsung-80cm-32-inch-hd-ready-led-tv-2018/p/itmf5g7dkcrq2gem?pid=TVSF5G7DJGY8ZKDN&srno=s_2_27&otracker=search&otracker1=search&lid=LSTTVSF5G7DJGY8ZKDN24T9M4&fm=organic&iid=220f8518-6731-470c-b31b-a24a9df1d39a.TVSF5G7DJGY8ZKDN.SEARCH&ppt=sp&ppn=sp&ssid=uxgv8z4rls0000001574492773816&qH=09909ad4a70de9a9,"₹12,999",
Thomson R9 60cm (24 inch) HD Ready LED TV,/thomson-r9-60cm-24-inch-hd-ready-led-tv/p/itmf66gtcfpfu4jy?pid=TVSF66GTGDHUNH8T&srno=s_2_28&otracker=search&otracker1=search&lid=LSTTVSF66GTGDHUNH8TJCBM1I&fm=organic&iid=0e768983-e2b5-4a41-9ee0-e9a428c1b924.TVSF66GTGDHUNH8T.SEARCH&ppt=sp&ppn=sp&ssid=uxgv8z4rls0000001574492773816&qH=09909ad4a70de9a9,"₹7,499",
Samsung Super 6 108cm (43 inch) Ultra HD (4K) LED Smart TV,/samsung-super-6-108cm-43-inch-ultra-hd-4k-led-smart-tv/p/itmfdzq6khv2pcvz?pid=TVSFDZQ6KMPJYWBV&srno=s_2_29&otracker=search&otracker1=search&lid=LSTTVSFDZQ6KMPJYWBVSJV5AK&fm=organic&iid=4f81a50c-4cf8-473f-b25b-a27baebb5fb3.TVSFDZQ6KMPJYWBV.SEARCH&ppt=sp&ppn=sp&ssid=uxgv8z4rls0000001574492773816&qH=09909ad4a70de9a9,"₹36,999",
Samsung Q60RAK 108cm (43 inch) Ultra HD (4K) QLED Smart TV,/samsung-q60rak-108cm-43-inch-ultra-hd-4k-qled-smart-tv/p/itmfggqbgz78ftfy?pid=TVSFGGQB5ZYKEVYV&srno=s_2_30&otracker=search&otracker1=search&lid=LSTTVSFGGQB5ZYKEVYVVVKTDJ&fm=organic&iid=en_WBs1fbGEbF2FDCUP4oWDEFU9WEdWHJHc%2F27fz7OehSJy0owpzzqI1m23hJ3eE%2BXpfsvpyxtSospyonhEkp6%2BvA%3D%3D&ppt=sp&ppn=sp&ssid=uxgv8z4rls0000001574492773816&qH=09909ad4a70de9a9,"₹66,999",
Samsung 123cm (49 inch) Full HD LED Smart TV 2018 Edition,/samsung-123cm-49-inch-full-hd-led-smart-tv-2018/p/itmf5g7dhumhqfgg?pid=TVSF5G7DK2R3ZG9B&srno=s_2_31&otracker=search&otracker1=search&lid=LSTTVSF5G7DK2R3ZG9BVIATDX&fm=organic&iid=12acaeef-a169-48f6-8e75-b5025bd7911a.TVSF5G7DK2R3ZG9B.SEARCH&ppt=sp&ppn=sp&ssid=uxgv8z4rls0000001574492773816&qH=09909ad4a70de9a9,"₹39,999",
Samsung Series 4 80cm (32 inch) HD Ready LED Smart TV,/samsung-series-4-80cm-32-inch-hd-ready-led-smart-tv/p/itmf5xzyyfcfcjdn?pid=TVSF5XZYHQRPXVJ6&srno=s_2_32&otracker=search&otracker1=search&lid=LSTTVSF5XZYHQRPXVJ6XASJBS&fm=organic&iid=0d5bfddd-8226-4189-8585-0699ca3c11e7.TVSF5XZYHQRPXVJ6.SEARCH&ppt=sp&ppn=sp&ssid=uxgv8z4rls0000001574492773816&qH=09909ad4a70de9a9,"₹24,999",
Samsung 108cm (43 inch) Full HD LED Smart TV 2018 Edition,/samsung-108cm-43-inch-full-hd-led-smart-tv-2018/p/itmf5g7duwjkht2k?pid=TVSF5G7DKJ66PXQZ&srno=s_2_33&otracker=search&otracker1=search&lid=LSTTVSF5G7DKJ66PXQZ2Q3H59&fm=organic&iid=4a147202-e6ab-4fd5-80fa-0fc56314a3c2.TVSF5G7DKJ66PXQZ.SEARCH&ppt=sp&ppn=sp&ssid=uxgv8z4rls0000001574492773816&qH=09909ad4a70de9a9,"₹34,999",
Samsung Super 6 125cm (50 inch) Ultra HD (4K) LED Smart TV,/samsung-super-6-125cm-50-inch-ultra-hd-4k-led-smart-tv/p/itmfdzq6xbcryjdn?pid=TVSFDZQ6KYZEQ2ZZ&srno=s_2_34&otracker=search&otracker1=search&lid=LSTTVSFDZQ6KYZEQ2ZZ76EM5P&fm=organic&iid=3fd01607-1bdc-441b-bb08-4eaea6642ae5.TVSFDZQ6KYZEQ2ZZ.SEARCH&ppt=sp&ppn=sp&ssid=uxgv8z4rls0000001574492773816&qH=09909ad4a70de9a9,"₹47,999",
Samsung 109.2cm (43 inch) Ultra HD (4K) LED Smart TV,/samsung-109-2cm-43-inch-ultra-hd-4k-led-smart-tv/p/itmfggqbkfbggkrr?pid=TVSFGGQBWGRFHP5H&srno=s_2_35&otracker=search&otracker1=search&lid=LSTTVSFGGQBWGRFHP5HPNKUH6&fm=organic&iid=d52d12a4-491c-41f4-9ffb-9cc067b97fdb.TVSFGGQBWGRFHP5H.SEARCH&ppt=sp&ppn=sp&ssid=uxgv8z4rls0000001574492773816&qH=09909ad4a70de9a9,"₹42,699",
Samsung Series 4 80cm (32 inch) HD Ready LED Smart TV,/samsung-series-4-80cm-32-inch-hd-ready-led-smart-tv/p/itmf8rzcjesbkuff?pid=TVSF8RZCZTTZV7F5&srno=s_2_36&otracker=search&otracker1=search&lid=LSTTVSF8RZCZTTZV7F52RHBUV&fm=organic&iid=12f44434-1a58-4768-8b98-0b7d16eab46c.TVSF8RZCZTTZV7F5.SEARCH&ppt=sp&ppn=sp&ssid=uxgv8z4rls0000001574492773816&qH=09909ad4a70de9a9,"₹16,990",
Samsung Series 4 59cm (24 inch) HD Ready LED TV,/samsung-series-4-59cm-24-inch-hd-ready-led-tv/p/itmdws43zdesue93?pid=TVSDWS4F26JRVNTT&srno=s_2_37&otracker=search&otracker1=search&lid=LSTTVSDWS4F26JRVNTTHTBU2Y&fm=organic&iid=a767fc12-8f7b-4273-a90f-be3248650f41.TVSDWS4F26JRVNTT.SEARCH&ppt=sp&ppn=sp&ssid=uxgv8z4rls0000001574492773816&qH=09909ad4a70de9a9,"₹12,199",
Samsung 4 80cm (32 inch) HD Ready LED TV,/samsung-4-80cm-32-inch-hd-ready-led-tv/p/itmf22wytzsgcyxt?pid=TVSF22WYYQTCNNYV&srno=s_2_38&otracker=search&otracker1=search&lid=LSTTVSF22WYYQTCNNYV7QWQO2&fm=organic&iid=ac508e8b-974c-4eb9-98dc-0168658ec485.TVSF22WYYQTCNNYV.SEARCH&ppt=sp&ppn=sp&ssid=uxgv8z4rls0000001574492773816&qH=09909ad4a70de9a9,"₹13,490",
Samsung 108cm (43 inch) Ultra HD (4K) LED Smart TV,/samsung-108cm-43-inch-ultra-hd-4k-led-smart-tv/p/itmfggqbwqczfeun?pid=TVSFGGQBCN5C2ARQ&srno=s_2_39&otracker=search&otracker1=search&lid=LSTTVSFGGQBCN5C2ARQGWH7V8&fm=organic&iid=72895742-60c3-4782-a8c3-cb7695d45dd1.TVSFGGQBCN5C2ARQ.SEARCH&ppt=sp&ppn=sp&ssid=uxgv8z4rls0000001574492773816&qH=09909ad4a70de9a9,"₹50,099",
Samsung 80cm (32 inch) HD Ready LED TV,/samsung-80cm-32-inch-hd-ready-led-tv/p/itmf9rrhkypzqmnz?pid=TVSF9RRHKFACGEV7&srno=s_2_40&otracker=search&otracker1=search&lid=LSTTVSF9RRHKFACGEV7DNG6TI&fm=organic&iid=857f9a97-f8d6-4e88-bf6f-a6fd992ea080.TVSF9RRHKFACGEV7.SEARCH&ppt=sp&ppn=sp&ssid=uxgv8z4rls0000001574492773816&qH=09909ad4a70de9a9,"₹13,900",
Samsung 109.2cm (43 inch) Ultra HD (4K) LED Smart TV,/samsung-109-2cm-43-inch-ultra-hd-4k-led-smart-tv/p/itmfggqbusqtrvrr?pid=TVSFGGQBR3B9HYT5&srno=s_2_41&otracker=search&otracker1=search&lid=LSTTVSFGGQBR3B9HYT5ONLVRO&fm=organic&iid=4fd7791f-d37e-4c7f-96f1-e86b74b7f889.TVSFGGQBR3B9HYT5.SEARCH&ppt=sp&ppn=sp&ssid=uxgv8z4rls0000001574492773816&qH=09909ad4a70de9a9,"₹40,900",
Thomson R9 122cm (48 inch) Full HD LED TV,/thomson-r9-122cm-48-inch-full-hd-led-tv/p/itmf66gtgnzyhhvn?pid=TVSF66GTDWV2WZBV&srno=s_2_42&otracker=search&otracker1=search&lid=LSTTVSF66GTDWV2WZBVULJAKG&fm=organic&iid=a0d64840-3e6b-4aa2-9e57-9bbcf6c7fa81.TVSF66GTDWV2WZBV.SEARCH&ppt=sp&ppn=sp&ssid=uxgv8z4rls0000001574492773816&qH=09909ad4a70de9a9,"₹21,499",
Samsung Series 7 108cm (43 inch) Ultra HD (4K) LED Smart TV,/samsung-series-7-108cm-43-inch-ultra-hd-4k-led-smart-tv/p/itmf5xzydgfkpma8?pid=TVSF5XZYFQJ4FSMW&srno=s_2_43&otracker=search&otracker1=search&lid=LSTTVSF5XZYFQJ4FSMWCLPAL5&fm=organic&iid=2515efa3-e2e5-4d64-9fa5-59ce8e507394.TVSF5XZYFQJ4FSMW.SEARCH&ppt=sp&ppn=sp&ssid=uxgv8z4rls0000001574492773816&qH=09909ad4a70de9a9,"₹47,999",
Samsung Q70RAK 163cm (65 inch) Ultra HD (4K) QLED Smart TV,/samsung-q70rak-163cm-65-inch-ultra-hd-4k-qled-smart-tv/p/itmfggqbcppkvpqg?pid=TVSFHCBVDUPHHN4Z&srno=s_2_44&otracker=search&otracker1=search&lid=LSTTVSFHCBVDUPHHN4ZPYKT8X&fm=organic&iid=bfe16d38-4bf2-4f90-b651-145ab616de88.TVSFHCBVDUPHHN4Z.SEARCH&ppt=sp&ppn=sp&ssid=uxgv8z4rls0000001574492773816&qH=09909ad4a70de9a9,"₹1,89,999",
Samsung N5470 108cm (43 inch) Full HD LED Smart TV,/samsung-n5470-108cm-43-inch-full-hd-led-smart-tv/p/itm9224723104b52?pid=TVSFF96UHJAFQHKQ&srno=s_2_45&otracker=search&otracker1=search&lid=LSTTVSFF96UHJAFQHKQKJFBN8&fm=organic&iid=b124eea5-f80b-49db-96fd-a3729d20cc1f.TVSFF96UHJAFQHKQ.SEARCH&ppt=sp&ppn=sp&ssid=uxgv8z4rls0000001574492773816&qH=09909ad4a70de9a9,"₹35,428",
Samsung Q60RAK 123cm (49 inch) Ultra HD (4K) QLED Smart TV,/samsung-q60rak-123cm-49-inch-ultra-hd-4k-qled-smart-tv/p/itmfggqbahmdzxxy?pid=TVSFGGQBZGN3TGDV&srno=s_2_46&otracker=search&otracker1=search&lid=LSTTVSFGGQBZGN3TGDVMHJ0UW&fm=organic&iid=1c1d17d4-2901-4682-9ad3-d27f8ac399bb.TVSFGGQBZGN3TGDV.SEARCH&ppt=sp&ppn=sp&ssid=uxgv8z4rls0000001574492773816&qH=09909ad4a70de9a9,"₹87,999",
Samsung 80cm (32 inch) HD Ready LED TV,/samsung-80cm-32-inch-hd-ready-led-tv/p/itmfdv7aqecgpycx?pid=TVSFDV7AKRSBK5PH&srno=s_2_47&otracker=search&otracker1=search&lid=LSTTVSFDV7AKRSBK5PH6TLQ8N&fm=organic&iid=18daceaa-3e3d-42d6-a398-16b5a998026c.TVSFDV7AKRSBK5PH.SEARCH&ppt=sp&ppn=sp&ssid=uxgv8z4rls0000001574492773816&qH=09909ad4a70de9a9,"₹14,600",
Samsung N4200 80cm (32 inch) HD Ready LED Smart TV,/samsung-n4200-80cm-32-inch-hd-ready-led-smart-tv/p/itmee021d2c2414f?pid=TVSFF96UUC9FDKQH&srno=s_2_48&otracker=search&otracker1=search&lid=LSTTVSFF96UUC9FDKQHPPY336&fm=organic&iid=243bfff0-4585-4e23-8dfa-49e829aa379d.TVSFF96UUC9FDKQH.SEARCH&ppt=sp&ppn=sp&ssid=uxgv8z4rls0000001574492773816&qH=09909ad4a70de9a9,"₹17,900",
Samsung R5570 108cm (43 inch) Full HD LED Smart TV,/samsung-r5570-108cm-43-inch-full-hd-led-smart-tv/p/itmca7bedfed9216?pid=TVSFK7E9W2RG5ZHE&srno=s_3_49&otracker=search&otracker1=search&lid=LSTTVSFK7E9W2RG5ZHEZTVJOP&fm=organic&iid=9a18c11c-2577-4ac6-88d4-6103380f19e5.TVSFK7E9W2RG5ZHE.SEARCH&ppt=sp&ppn=sp&ssid=uxgv8z4rls0000001574492773816&qH=09909ad4a70de9a9,"₹40,250",
Samsung Series 7 163cm (65 inch) Ultra HD (4K) LED Smart TV,/samsung-series-7-163cm-65-inch-ultra-hd-4k-led-smart-tv/p/itmf5xzy2wmefaxa?pid=TVSF5XZYVMYRJPBG&srno=s_3_50&otracker=search&otracker1=search&lid=LSTTVSF5XZYVMYRJPBGOOX0R5&fm=organic&iid=554f29f6-da0c-480a-929c-a3be7300f54e.TVSF5XZYVMYRJPBG.SEARCH&ppt=sp&ppn=sp&ssid=uxgv8z4rls0000001574492773816&qH=09909ad4a70de9a9,"₹1,43,199",
Samsung 165.1cm (65 inch) Ultra HD (4K) LED Smart TV,/samsung-165-1cm-65-inch-ultra-hd-4k-led-smart-tv/p/itmfggqbt3yd9ada?pid=TVSFGGQBJYSQWGCU&srno=s_3_51&otracker=search&otracker1=search&lid=LSTTVSFGGQBJYSQWGCUAJAEB9&fm=organic&iid=66fef14b-9112-4fc6-96f9-20b05adbdc65.TVSFGGQBJYSQWGCU.SEARCH&ppt=sp&ppn=sp&ssid=uxgv8z4rls0000001574492773816&qH=09909ad4a70de9a9,"₹1,29,900",
Samsung 124.4cm (49 inch) Ultra HD (4K) LED Smart TV,/samsung-124-4cm-49-inch-ultra-hd-4k-led-smart-tv/p/itmfggqbhchwazue?pid=TVSFGGQBEDBRGXY4&srno=s_3_52&otracker=search&otracker1=search&lid=LSTTVSFGGQBEDBRGXY4WFSQZD&fm=organic&iid=0d22fde5-ddc6-4949-9138-548a2c28cbfc.TVSFGGQBEDBRGXY4.SEARCH&ppt=sp&ppn=sp&ssid=uxgv8z4rls0000001574492773816&qH=09909ad4a70de9a9,"₹57,000",
Samsung R4500 80cm (32 inch) HD Ready LED Smart TV,/samsung-r4500-80cm-32-inch-hd-ready-led-smart-tv/p/itm6070f5c053c3b?pid=TVSFK7E959F2GY6H&srno=s_3_53&otracker=search&otracker1=search&lid=LSTTVSFK7E959F2GY6H7GDQNL&fm=organic&iid=8660a2e5-c11b-49ec-9e86-4e3182394cc8.TVSFK7E959F2GY6H.SEARCH&ppt=sp&ppn=sp&ssid=uxgv8z4rls0000001574492773816&qH=09909ad4a70de9a9,"₹24,199",
Samsung Series 5 123cm (49 inch) Full HD LED TV,/samsung-series-5-123cm-49-inch-full-hd-led-tv/p/itmf5xzyf9zuuyvz?pid=TVSF5XZYUVKRNW9X&srno=s_3_54&otracker=search&otracker1=search&lid=LSTTVSF5XZYUVKRNW9XKO4VIL&fm=organic&iid=8d74d1ec-466a-44bb-93b0-782cb1e8b55b.TVSF5XZYUVKRNW9X.SEARCH&ppt=sp&ppn=sp&ssid=uxgv8z4rls0000001574492773816&qH=09909ad4a70de9a9,"₹48,199",
Samsung 165.1cm (65 inch) Ultra HD (4K) LED Smart TV,/samsung-165-1cm-65-inch-ultra-hd-4k-led-smart-tv/p/itmfggqbhsxqxt7q?pid=TVSFGGQBSAFXG8HR&srno=s_3_55&otracker=search&otracker1=search&lid=LSTTVSFGGQBSAFXG8HRLHNU9P&fm=organic&iid=bec9ec57-2c2f-4ce8-9b66-22317e5130e1.TVSFGGQBSAFXG8HR.SEARCH&ppt=sp&ppn=sp&ssid=uxgv8z4rls0000001574492773816&qH=09909ad4a70de9a9,"₹1,00,000",
Samsung 125cm (50 inch) Ultra HD (4K) LED Smart TV,/samsung-125cm-50-inch-ultra-hd-4k-led-smart-tv/p/itmehym3tgasd5zf?pid=TVSEHYM3KGRHGFNZ&srno=s_3_56&otracker=search&otracker1=search&lid=LSTTVSEHYM3KGRHGFNZ8ABWX4&fm=organic&iid=1ce0215d-354f-46fe-902d-5c18d05f8aa9.TVSEHYM3KGRHGFNZ.SEARCH&ppt=sp&ppn=sp&ssid=uxgv8z4rls0000001574492773816&qH=09909ad4a70de9a9,"₹93,500",
Samsung 127cm (50 inch) Ultra HD (4K) LED Smart TV,/samsung-127cm-50-inch-ultra-hd-4k-led-smart-tv/p/itmfggqbk4zhguqu?pid=TVSFGGQBNFF5JWGJ&srno=s_3_57&otracker=search&otracker1=search&lid=LSTTVSFGGQBNFF5JWGJ420QTC&fm=organic&iid=e38039aa-f570-4139-b933-1a14038c1c47.TVSFGGQBNFF5JWGJ.SEARCH&ppt=sp&ppn=sp&ssid=uxgv8z4rls0000001574492773816&qH=09909ad4a70de9a9,"₹53,398",
Samsung Q60RAK 108cm (43 inch) Ultra HD (4K) QLED Smart TV,/samsung-q60rak-108cm-43-inch-ultra-hd-4k-qled-smart-tv/p/itmfggqbgz78ftfy?pid=TVSFGGQB5ZYKEVYV&srno=s_3_58&otracker=search&otracker1=search&lid=LSTTVSFGGQB5ZYKEVYVVVKTDJ&fm=organic&iid=a78893f1-95bf-4e3b-b8f4-19bcb77d4f3d.TVSFGGQB5ZYKEVYV.SEARCH&ppt=sp&ppn=sp&ssid=uxgv8z4rls0000001574492773816&qH=09909ad4a70de9a9,"₹66,999",
Samsung Series 4 80cm (32 inch) HD Ready LED TV,/samsung-series-4-80cm-32-inch-hd-ready-led-tv/p/itmf5xzyzkfgjtdt?pid=TVSF5XZYWQ8XUVNT&srno=s_3_59&otracker=search&otracker1=search&lid=LSTTVSF5XZYWQ8XUVNTWS6YWC&fm=organic&iid=a0443416-2c62-4540-9f66-f546e4c1ef21.TVSF5XZYWQ8XUVNT.SEARCH&ppt=sp&ppn=sp&ssid=uxgv8z4rls0000001574492773816&qH=09909ad4a70de9a9,"₹14,799",
Samsung 123cm (49 inch) Full HD LED TV,/samsung-123cm-49-inch-full-hd-led-tv/p/itmemgnmwzc9sdhz?pid=TVSEMGNMGSXEYKF7&srno=s_3_60&otracker=search&otracker1=search&lid=LSTTVSEMGNMGSXEYKF79RZR8K&fm=organic&iid=b9fa4cae-f02b-4462-8cfa-2e908465a895.TVSEMGNMGSXEYKF7.SEARCH&ppt=sp&ppn=sp&ssid=uxgv8z4rls0000001574492773816&qH=09909ad4a70de9a9,"₹62,999",
Samsung Series 6 125cm (50 inch) Ultra HD (4K) LED Smart TV,/samsung-series-6-125cm-50-inch-ultra-hd-4k-led-smart-tv/p/itmevhpatgvauds2?pid=TVSEVHPACZEVBCVN&srno=s_3_61&otracker=search&otracker1=search&lid=LSTTVSEVHPACZEVBCVNMRN5BC&fm=organic&iid=e08f4261-9c77-4bd6-9529-5e01eeaca826.TVSEVHPACZEVBCVN.SEARCH&ppt=sp&ppn=sp&ssid=uxgv8z4rls0000001574492773816&qH=09909ad4a70de9a9,"₹70,000",
Samsung Series 4 59cm (24 inch) HD Ready LED TV,/samsung-series-4-59cm-24-inch-hd-ready-led-tv/p/itme8yrfuakfptqm?pid=TVSE8YRFS9AZRPFH&srno=s_3_62&otracker=search&otracker1=search&lid=LSTTVSE8YRFS9AZRPFH79HKRH&fm=organic&iid=54de14b0-d5ba-457d-bc72-b8e9e5a25456.TVSE8YRFS9AZRPFH.SEARCH&ppt=sp&ppn=sp&ssid=uxgv8z4rls0000001574492773816&qH=09909ad4a70de9a9,"₹13,099",
Samsung 4 80cm (32 inch) HD Ready LED TV,/samsung-4-80cm-32-inch-hd-ready-led-tv/p/itmf22wyapd6bszp?pid=TVSF22WYXZHK2EXP&srno=s_3_63&otracker=search&otracker1=search&lid=LSTTVSF22WYXZHK2EXPCEZAHI&fm=organic&iid=34186b32-50de-4810-8b00-6ed73befb01a.TVSF22WYXZHK2EXP.SEARCH&ppt=sp&ppn=sp&ssid=uxgv8z4rls0000001574492773816&qH=09909ad4a70de9a9,"₹26,999",
Samsung Series 4 80cm (32 inch) HD Ready LED TV,/samsung-series-4-80cm-32-inch-hd-ready-led-tv/p/itme68bczreq6fgy?pid=TVSE68B9JEMETK8K&srno=s_3_64&otracker=search&otracker1=search&lid=LSTTVSE68B9JEMETK8KXAILCA&fm=organic&iid=35015dba-3cef-4cd1-a1e4-c1008643f49a.TVSE68B9JEMETK8K.SEARCH&ppt=sp&ppn=sp&ssid=uxgv8z4rls0000001574492773816&qH=09909ad4a70de9a9,"₹17,999",
Samsung Basic Smart 123cm (49 inch) Full HD LED TV,/samsung-basic-smart-123cm-49-inch-full-hd-led-tv/p/itmevhpazwvz622b?pid=TVSEVHPA6BXTGFGF&srno=s_3_65&otracker=search&otracker1=search&lid=LSTTVSEVHPA6BXTGFGFD8ZYSH&fm=organic&iid=21bc9256-f425-4ad3-aa52-828b3f3d2c70.TVSEVHPA6BXTGFGF.SEARCH&ppt=sp&ppn=sp&ssid=uxgv8z4rls0000001574492773816&qH=09909ad4a70de9a9,"₹35,990",
Samsung 5010AR 108cm (43 inch) Full HD LED TV,/samsung-5010ar-108cm-43-inch-full-hd-led-tv/p/itmfggqb8gh9njzt?pid=TVSFGGQB7AJTGK9Q&srno=s_3_66&otracker=search&otracker1=search&lid=LSTTVSFGGQB7AJTGK9QYSGT3Y&fm=organic&iid=504a3792-8025-4e49-9dc9-4c15bd36227c.TVSFGGQB7AJTGK9Q.SEARCH&ppt=sp&ppn=sp&ssid=uxgv8z4rls0000001574492773816&qH=09909ad4a70de9a9,"₹31,500",
Samsung 108cm (43 inch) Full HD LED TV,/samsung-108cm-43-inch-full-hd-led-tv/p/itmfc9b6sphbwbwx?pid=TVSFC9B6FTHGWWVD&srno=s_3_67&otracker=search&otracker1=search&lid=LSTTVSFC9B6FTHGWWVDYNQUPJ&fm=organic&iid=6246e08b-1dab-4e8d-a799-677cc868c7e0.TVSFC9B6FTHGWWVD.SEARCH&ppt=sp&ppn=sp&ssid=uxgv8z4rls0000001574492773816&qH=09909ad4a70de9a9,"₹28,150",
Samsung 80cm (31.4 inch) HD Ready LED TV,/samsung-80cm-31-4-inch-hd-ready-led-tv/p/itme6akzpw95gpwm?pid=TVSE6AKZRVR8ZKBH&srno=s_3_68&otracker=search&otracker1=search&lid=LSTTVSE6AKZRVR8ZKBH7FLIZA&fm=organic&iid=0c84741e-cc27-4f65-bc3d-fc7d17e1fff4.TVSE6AKZRVR8ZKBH.SEARCH&ppt=sp&ppn=sp&ssid=uxgv8z4rls0000001574492773816&qH=09909ad4a70de9a9,"₹29,000",
Samsung 121cm (48 inch) Full HD LED Smart TV,/samsung-121cm-48-inch-full-hd-led-smart-tv/p/itme6akzwsqypz5x?pid=TVSE6AKZMSAHXXE3&srno=s_3_69&otracker=search&otracker1=search&lid=LSTTVSE6AKZMSAHXXE3AZLMKM&fm=organic&iid=471a378a-c70f-47e9-8451-5a1e3d9406f6.TVSE6AKZMSAHXXE3.SEARCH&ppt=sp&ppn=sp&ssid=uxgv8z4rls0000001574492773816&qH=09909ad4a70de9a9,"₹59,500",
Samsung Series 7 123cm (49 inch) Ultra HD (4K) LED Smart TV,/samsung-series-7-123cm-49-inch-ultra-hd-4k-led-smart-tv/p/itmevhpazhyeuzzz?pid=TVSEVHPAU2NGZV57&srno=s_3_70&otracker=search&otracker1=search&lid=LSTTVSEVHPAU2NGZV57V4ZDLG&fm=organic&iid=65192f21-9842-4adc-9130-9c4720536a39.TVSEVHPAU2NGZV57.SEARCH&ppt=sp&ppn=sp&ssid=uxgv8z4rls0000001574492773816&qH=09909ad4a70de9a9,"₹80,999",
Samsung 123cm (49 inch) Ultra HD (4K) LED Smart TV,/samsung-123cm-49-inch-ultra-hd-4k-led-smart-tv/p/itmehyhe9whpvrjy?pid=TVSEHYHEQJAZFYGV&srno=s_3_71&otracker=search&otracker1=search&lid=LSTTVSEHYHEQJAZFYGVA5JJN0&fm=organic&iid=218ea888-6e4f-489b-b631-58232afea1a0.TVSEHYHEQJAZFYGV.SEARCH&ppt=sp&ppn=sp&ssid=uxgv8z4rls0000001574492773816&qH=09909ad4a70de9a9,"₹84,999",
Samsung 123cm (49 inch) Full HD LED Smart TV,/samsung-123cm-49-inch-full-hd-led-smart-tv/p/itmenknfcgyfycag?pid=TVSENKNYAVAEYGUZ&srno=s_3_72&otracker=search&otracker1=search&lid=LSTTVSENKNYAVAEYGUZIGASRI&fm=organic&iid=14b98ecf-5848-458f-8b39-3de5c0c38bcd.TVSENKNYAVAEYGUZ.SEARCH&ppt=sp&ppn=sp&ssid=uxgv8z4rls0000001574492773816&qH=09909ad4a70de9a9,"₹48,000",
Samsung 108cm (43 inch) Full HD LED TV,/samsung-108cm-43-inch-full-hd-led-tv/p/itmef26kpznn5asg?pid=TVSEF26KAYYXFSGT&srno=s_4_73&otracker=search&otracker1=search&lid=LSTTVSEF26KAYYXFSGTQ2MW7X&fm=organic&iid=6d64bab5-702b-4829-9121-75779768c150.TVSEF26KAYYXFSGT.SEARCH&ppt=sp&ppn=sp&ssid=uxgv8z4rls0000001574492773816&qH=09909ad4a70de9a9,"₹37,200",
Samsung 108cm (43 inch) Ultra HD (4K) LED Smart TV,/samsung-108cm-43-inch-ultra-hd-4k-led-smart-tv/p/itmemgnmhvbmtbwu?pid=TVSEMGNMUZ7GBZ8T&srno=s_4_74&otracker=search&otracker1=search&lid=LSTTVSEMGNMUZ7GBZ8TNVAMTM&fm=organic&iid=0a11fc4e-0ef2-4f53-b932-4aff4bb355f6.TVSEMGNMUZ7GBZ8T.SEARCH&ppt=sp&ppn=sp&ssid=uxgv8z4rls0000001574492773816&qH=09909ad4a70de9a9,"₹46,449",
Samsung Q60RAK 163cm (65 inch) Ultra HD (4K) QLED Smart TV,/samsung-q60rak-163cm-65-inch-ultra-hd-4k-qled-smart-tv/p/itmfggqbg7asjyzy?pid=TVSFGGQBA8GZEZWS&srno=s_4_75&otracker=search&otracker1=search&lid=LSTTVSFGGQBA8GZEZWSXAF03U&fm=organic&iid=7ca528a2-1d81-4c89-86ac-7a6bb701fa23.TVSFGGQBA8GZEZWS.SEARCH&ppt=sp&ppn=sp&ssid=uxgv8z4rls0000001574492773816&qH=09909ad4a70de9a9,"₹1,72,000",
Samsung Series 6 163cm (65 inch) Ultra HD (4K) LED Smart TV,/samsung-series-6-163cm-65-inch-ultra-hd-4k-led-smart-tv/p/itmexp6k6hgsj3zr?pid=TVSEXP6KNJMNAWZ9&srno=s_4_76&otracker=search&otracker1=search&lid=LSTTVSEXP6KNJMNAWZ9SAQD6D&fm=organic&iid=27a6a13b-25ed-4825-a352-9ea96085992d.TVSEXP6KNJMNAWZ9.SEARCH&ppt=sp&ppn=sp&ssid=uxgv8z4rls0000001574492773816&qH=09909ad4a70de9a9,"₹1,69,999",
Samsung 123cm (49 inch) Full HD LED Smart TV,/samsung-123cm-49-inch-full-hd-led-smart-tv/p/itmehym3yg6hs9yp?pid=TVSEHYM3ZW8KYEYH&srno=s_4_77&otracker=search&otracker1=search&lid=LSTTVSEHYM3ZW8KYEYHDPYTJA&fm=organic&iid=cd7b32ab-5558-4dc7-8e45-05ac6fb0b791.TVSEHYM3ZW8KYEYH.SEARCH&ppt=sp&ppn=sp&ssid=uxgv8z4rls0000001574492773816&qH=09909ad4a70de9a9,"₹77,999",
Samsung Series 5 108cm (43 inch) Full HD LED Smart TV,/samsung-series-5-108cm-43-inch-full-hd-led-smart-tv/p/itmevhpahm47vsvj?pid=TVSEVHPAWSGJ9WEZ&srno=s_4_78&otracker=search&otracker1=search&lid=LSTTVSEVHPAWSGJ9WEZWELWCU&fm=organic&iid=b73c62cd-e196-4e72-8f99-6702444525b6.TVSEVHPAWSGJ9WEZ.SEARCH&ppt=sp&ppn=sp&ssid=uxgv8z4rls0000001574492773816&qH=09909ad4a70de9a9,"₹39,990",
Samsung 123cm (49 inch) Ultra HD (4K) LED Smart TV,/samsung-123cm-49-inch-ultra-hd-4k-led-smart-tv/p/itmemgnmrzngsgme?pid=TVSEMGNM8ZMEX7H6&srno=s_4_79&otracker=search&otracker1=search&lid=LSTTVSEMGNM8ZMEX7H6KICPIJ&fm=organic&iid=363e6788-3329-42d9-9b43-a9db2c38375b.TVSEMGNM8ZMEX7H6.SEARCH&ppt=sp&ppn=sp&ssid=uxgv8z4rls0000001574492773816&qH=09909ad4a70de9a9,"₹1,22,999",
Samsung 108cm (43 inch) Full HD LED TV,/samsung-108cm-43-inch-full-hd-led-tv/p/itmezhea8hzyvkkx?pid=TVSEZHE6FYPFUQCJ&srno=s_4_80&otracker=search&otracker1=search&lid=LSTTVSEZHE6FYPFUQCJ0WT4RX&fm=organic&iid=f646c23a-79ec-4f77-b719-680c8a15f503.TVSEZHE6FYPFUQCJ.SEARCH&ppt=sp&ppn=sp&ssid=uxgv8z4rls0000001574492773816&qH=09909ad4a70de9a9,"₹39,499",
Samsung Series 7 123cm (49 inch) Ultra HD (4K) LED Smart TV,/samsung-series-7-123cm-49-inch-ultra-hd-4k-led-smart-tv/p/itmf5xzyewgqsgr6?pid=TVSF5XZYKNP3GAAY&srno=s_4_81&otracker=search&otracker1=search&lid=LSTTVSF5XZYKNP3GAAYM6F6MA&fm=organic&iid=c250afd2-af20-443d-be11-a45556f9c7ec.TVSF5XZYKNP3GAAY.SEARCH&ppt=sp&ppn=sp&ssid=uxgv8z4rls0000001574492773816&qH=09909ad4a70de9a9,"₹55,999",
Samsung 108cm (43 inch) Ultra HD (4K) LED Smart TV,/samsung-108cm-43-inch-ultra-hd-4k-led-smart-tv/p/itmfh8gxumdusrqy?pid=TVSFH8GX4PBHFJNF&srno=s_4_82&otracker=search&otracker1=search&lid=LSTTVSFH8GX4PBHFJNFAZS93L&fm=organic&iid=7be0c427-1813-455e-81c8-1a3271a14360.TVSFH8GX4PBHFJNF.SEARCH&ppt=sp&ppn=sp&ssid=uxgv8z4rls0000001574492773816&qH=09909ad4a70de9a9,"₹44,000",
Samsung Q90R 163cm (65 inch) Ultra HD (4K) QLED Smart TV,/samsung-q90r-163cm-65-inch-ultra-hd-4k-qled-smart-tv/p/itm7438f6ebd751d?pid=TVSFK7E9GYKKSRYH&srno=s_4_83&otracker=search&otracker1=search&lid=LSTTVSFK7E9GYKKSRYH8G91ZD&fm=organic&iid=5b4047dc-1eaa-4da6-953b-916307bab9cd.TVSFK7E9GYKKSRYH.SEARCH&ppt=sp&ppn=sp&ssid=uxgv8z4rls0000001574492773816&qH=09909ad4a70de9a9,"₹2,95,000",
Samsung Series 5 123cm (49 inch) Full HD LED Smart TV,/samsung-series-5-123cm-49-inch-full-hd-led-smart-tv/p/itmevhpazgscc5qe?pid=TVSEVHPAGZV9ZKNK&srno=s_4_84&otracker=search&otracker1=search&lid=LSTTVSEVHPAGZV9ZKNKAMV16T&fm=organic&iid=5de8dffb-6848-4293-bea9-bdbebbd3ba9a.TVSEVHPAGZV9ZKNK.SEARCH&ppt=sp&ppn=sp&ssid=uxgv8z4rls0000001574492773816&qH=09909ad4a70de9a9,"₹57,999",
Samsung 108cm (43 inch) Full HD LED TV,/samsung-108cm-43-inch-full-hd-led-tv/p/itmezheahpwy95wz?pid=TVSEZHEAUWWH3CAF&srno=s_4_85&otracker=search&otracker1=search&lid=LSTTVSEZHEAUWWH3CAFN5XSLE&fm=organic&iid=f5ddb42c-166b-44d5-8e3b-3ab6403c71d6.TVSEZHEAUWWH3CAF.SEARCH&ppt=sp&ppn=sp&ssid=uxgv8z4rls0000001574492773816&qH=09909ad4a70de9a9,"₹43,999",
Samsung 80cm (32 inch) HD Ready LED TV,/samsung-80cm-32-inch-hd-ready-led-tv/p/itme8yrfm32d4xzn?pid=TVSE8YRFSUBEHZB6&srno=s_4_86&otracker=search&otracker1=search&lid=LSTTVSE8YRFSUBEHZB680UQTL&fm=organic&iid=5ae2443d-694c-4e2f-a925-5fed10ab1c38.TVSE8YRFSUBEHZB6.SEARCH&ppt=sp&ppn=sp&ssid=uxgv8z4rls0000001574492773816&qH=09909ad4a70de9a9,"₹13,999",
Samsung 123cm (49 inch) Ultra HD (4K) Curved LED Smart TV,/samsung-123cm-49-inch-ultra-hd-4k-curved-led-smart-tv/p/itmehym3kebzhdsg?pid=TVSEHYM3UXGTRHZE&srno=s_4_87&otracker=search&otracker1=search&lid=LSTTVSEHYM3UXGTRHZEY3Y3K9&fm=organic&iid=0e4dd1c5-6dce-415f-91f2-d4ea482bb295.TVSEHYM3UXGTRHZE.SEARCH&ppt=sp&ppn=sp&ssid=uxgv8z4rls0000001574492773816&qH=09909ad4a70de9a9,"₹89,999",
Samsung Series 6 108cm (43 inch) Ultra HD (4K) LED Smart TV,/samsung-series-6-108cm-43-inch-ultra-hd-4k-led-smart-tv/p/itmevhpa3pggch4n?pid=TVSEVHPATDJJP6KZ&srno=s_4_88&otracker=search&otracker1=search&lid=LSTTVSEVHPATDJJP6KZHTQMZZ&fm=organic&iid=de5abaeb-a76d-47e5-9d08-e3fd30785343.TVSEVHPATDJJP6KZ.SEARCH&ppt=sp&ppn=sp&ssid=uxgv8z4rls0000001574492773816&qH=09909ad4a70de9a9,"₹69,900",
Samsung 127cm (50 inch) Ultra HD (4K) LED Smart TV,/samsung-127cm-50-inch-ultra-hd-4k-led-smart-tv/p/itmfggqb9gezepuy?pid=TVSFGGQBMSHYJF9V&srno=s_4_89&otracker=search&otracker1=search&lid=LSTTVSFGGQBMSHYJF9VXP4H5O&fm=organic&iid=363e37f6-785b-44c9-80cb-0840a02db452.TVSFGGQBMSHYJF9V.SEARCH&ppt=sp&ppn=sp&ssid=uxgv8z4rls0000001574492773816&qH=09909ad4a70de9a9,"₹73,700",
Samsung Q Series 163cm (65 inch) Ultra HD (4K) QLED Smart TV,/samsung-q-series-163cm-65-inch-ultra-hd-4k-qled-smart-tv/p/itmf5xzycfg2jwbs?pid=TVSF5XZYYFRWEVMW&srno=s_4_90&otracker=search&otracker1=search&lid=LSTTVSF5XZYYFRWEVMW8FRLMU&fm=organic&iid=d7503491-232a-4ffe-a25c-9c53bf12932e.TVSF5XZYYFRWEVMW.SEARCH&ppt=sp&ppn=sp&ssid=uxgv8z4rls0000001574492773816&qH=09909ad4a70de9a9,"₹2,59,999",
Samsung 58cm (23 inch) HD Ready LED TV,/samsung-58cm-23-inch-hd-ready-led-tv/p/itmdugwuuvkrnue9?pid=TVSDUGWUUVKRNUE9&srno=s_4_91&otracker=search&otracker1=search&lid=LSTTVSDUGWUUVKRNUE9SG9EKY&fm=organic&iid=05c49eeb-ff85-4272-bd35-a329fc314582.TVSDUGWUUVKRNUE9.SEARCH&ppt=sp&ppn=sp&ssid=uxgv8z4rls0000001574492773816&qH=09909ad4a70de9a9,"₹15,000",
Samsung Series 4 80cm (32 inch) HD Ready LED TV,/samsung-series-4-80cm-32-inch-hd-ready-led-tv/p/itmf5xzyyjqwmfxd?pid=TVSF5XZYAFWGACK6&srno=s_4_92&otracker=search&otracker1=search&lid=LSTTVSF5XZYAFWGACK6K3AVSN&fm=organic&iid=eebc8435-316f-459f-81a1-20b9d51a0a33.TVSF5XZYAFWGACK6.SEARCH&ppt=sp&ppn=sp&ssid=uxgv8z4rls0000001574492773816&qH=09909ad4a70de9a9,"₹18,900",
Samsung Series 7 163cm (65 inch) Ultra HD (4K) LED Smart TV,/samsung-series-7-163cm-65-inch-ultra-hd-4k-led-smart-tv/p/itmf5xzyh7ya3uzh?pid=TVSF5XZY5YJGYJGM&srno=s_4_93&otracker=search&otracker1=search&lid=LSTTVSF5XZY5YJGYJGMEW5E9D&fm=organic&iid=1297ea3c-03a7-4d78-88b9-ff6169ef09ed.TVSF5XZY5YJGYJGM.SEARCH&ppt=sp&ppn=sp&ssid=uxgv8z4rls0000001574492773816&qH=09909ad4a70de9a9,"₹1,00,000",
Samsung Series 6 123cm (49 inch) Ultra HD (4K) LED Smart TV,/samsung-series-6-123cm-49-inch-ultra-hd-4k-led-smart-tv/p/itmexp6kgkkn89ef?pid=TVSEXP6K5HJTM4GG&srno=s_4_94&otracker=search&otracker1=search&lid=LSTTVSEXP6K5HJTM4GGGOTFHR&fm=organic&iid=012de859-8b50-438d-961b-0ac263bc7fe9.TVSEXP6K5HJTM4GG.SEARCH&ppt=sp&ppn=sp&ssid=uxgv8z4rls0000001574492773816&qH=09909ad4a70de9a9,"₹71,999",
Samsung 163cm (65 inch) Ultra HD (4K) LED Smart TV,/samsung-163cm-65-inch-ultra-hd-4k-led-smart-tv/p/itmezhec7dwc74hv?pid=TVSEZHECUXCFHKZD&srno=s_4_95&otracker=search&otracker1=search&lid=LSTTVSEZHECUXCFHKZDGFREZ0&fm=organic&iid=c25d0830-344d-4dac-8987-e6c5e94c89ec.TVSEZHECUXCFHKZD.SEARCH&ppt=sp&ppn=sp&ssid=uxgv8z4rls0000001574492773816&qH=09909ad4a70de9a9,"₹2,04,999",
Samsung Q80RAK 163cm (65 inch) Ultra HD (4K) QLED Smart TV,/samsung-q80rak-163cm-65-inch-ultra-hd-4k-qled-smart-tv/p/itmfggqbqu7jqha8?pid=TVSFGGQBJKH5GWCX&srno=s_4_96&otracker=search&otracker1=search&lid=LSTTVSFGGQBJKH5GWCXJY2XNK&fm=organic&iid=880906cc-083b-45f9-aafa-53ce15b6a609.TVSFGGQBJKH5GWCX.SEARCH&ppt=sp&ppn=sp&ssid=uxgv8z4rls0000001574492773816&qH=09909ad4a70de9a9,"₹2,39,960",
Samsung Series 5 108cm (43 inch) Full HD LED Smart TV,/samsung-series-5-108cm-43-inch-full-hd-led-smart-tv/p/itmf5xzy5yhyhtzt?pid=TVSF5XZYTXB7DRBZ&srno=s_5_97&otracker=search&otracker1=search&lid=LSTTVSF5XZYTXB7DRBZBHXRK5&fm=organic&iid=a7b04fc1-08bd-4e9f-9707-32d9320adf03.TVSF5XZYTXB7DRBZ.SEARCH&ppt=sp&ppn=sp&ssid=uxgv8z4rls0000001574492773816&qH=09909ad4a70de9a9,"₹43,999",
Samsung 108cm (43 inch) Full HD LED Smart TV,/samsung-108cm-43-inch-full-hd-led-smart-tv/p/itmemgnmg4wphzzs?pid=TVSEMGNHTHGZF99T&srno=s_5_98&otracker=search&otracker1=search&lid=LSTTVSEMGNHTHGZF99TZ51JIL&fm=organic&iid=04225967-b2eb-4d35-aa0c-5ea2512453ee.TVSEMGNHTHGZF99T.SEARCH&ppt=sp&ppn=sp&ssid=uxgv8z4rls0000001574492773816&qH=09909ad4a70de9a9,"₹42,499",
Samsung Series 5 123cm (49 inch) Full HD LED Smart TV,/samsung-series-5-123cm-49-inch-full-hd-led-smart-tv/p/itmf5xzygjtyerv6?pid=TVSF5XZYGQGKR5RH&srno=s_5_99&otracker=search&otracker1=search&lid=LSTTVSF5XZYGQGKR5RHOLOZKP&fm=organic&iid=0d348e7b-5c88-472b-b4a0-21b2959d2262.TVSF5XZYGQGKR5RH.SEARCH&ppt=sp&ppn=sp&ssid=uxgv8z4rls0000001574492773816&qH=09909ad4a70de9a9,"₹54,999",
Samsung Series 5 108cm (43 inch) Full HD LED TV,/samsung-series-5-108cm-43-inch-full-hd-led-tv/p/itmf5xzyyzqdajrn?pid=TVSF5XZYVAMHGBG8&srno=s_5_100&otracker=search&otracker1=search&lid=LSTTVSF5XZYVAMHGBG8K3MJWS&fm=organic&iid=31ce4df7-b6ce-4ac5-adbc-206e0bac9df5.TVSF5XZYVAMHGBG8.SEARCH&ppt=sp&ppn=sp&ssid=uxgv8z4rls0000001574492773816&qH=09909ad4a70de9a9,"₹39,699",
Samsung Q Series 163cm (65 inch) Ultra HD (4K) QLED Smart TV,/samsung-q-series-163cm-65-inch-ultra-hd-4k-qled-smart-tv/p/itmf5xzynzhfvr6y?pid=TVSF5XZYGCFVYTHK&srno=s_5_101&otracker=search&otracker1=search&lid=LSTTVSF5XZYGCFVYTHKJEMCDD&fm=organic&iid=0c65ba99-6984-4091-8fa0-b0b47a2fe2c0.TVSF5XZYGCFVYTHK.SEARCH&ppt=sp&ppn=sp&ssid=uxgv8z4rls0000001574492773816&qH=09909ad4a70de9a9,"₹1,89,999",
Samsung 6 108cm (43 inch) Ultra HD (4K) LED Smart TV,/samsung-6-108cm-43-inch-ultra-hd-4k-led-smart-tv/p/itmf22wygz3xaf6d?pid=TVSF22WYUXP4RMZS&srno=s_5_102&otracker=search&otracker1=search&lid=LSTTVSF22WYUXP4RMZSDUVC4T&fm=organic&iid=fbf96400-8930-4e56-bc74-e934ce39657c.TVSF22WYUXP4RMZS.SEARCH&ppt=sp&ppn=sp&ssid=uxgv8z4rls0000001574492773816&qH=09909ad4a70de9a9,"₹59,499",
Samsung 55cm (22 inch) Full HD LED TV,/samsung-55cm-22-inch-full-hd-led-tv/p/itmfgqjpktgzvzzs?pid=TVSDU4SFKFNSRKXG&srno=s_5_103&otracker=search&otracker1=search&lid=LSTTVSDU4SFKFNSRKXGUMZRFR&fm=organic&iid=19ceeeb9-88aa-41dc-bdaf-b62c1fe98f0e.TVSDU4SFKFNSRKXG.SEARCH&ppt=sp&ppn=sp&ssid=uxgv8z4rls0000001574492773816&qH=09909ad4a70de9a9,"₹11,500",
Samsung Q Series 163cm (65 inch) Ultra HD (4K) Curved QLED Smart TV,/samsung-q-series-163cm-65-inch-ultra-hd-4k-curved-qled-smart-tv/p/itmevcncd5js5nta?pid=TVSEVCNCBZXYZSHZ&srno=s_5_104&otracker=search&otracker1=search&lid=LSTTVSEVCNCBZXYZSHZXRRMCV&fm=organic&iid=eb53a3e2-a846-44a2-8133-556309cfe4cd.TVSEVCNCBZXYZSHZ.SEARCH&ppt=sp&ppn=sp&ssid=uxgv8z4rls0000001574492773816&qH=09909ad4a70de9a9,"₹2,24,990",
Samsung Series 7 165.1cm (65 inch) Ultra HD (4K) Curved LED Smart TV,/samsung-series-7-165-1cm-65-inch-ultra-hd-4k-curved-led-smart-tv/p/itmevhpaykwhh5tq?pid=TVSEVHPASXAZZUP8&srno=s_5_105&otracker=search&otracker1=search&lid=LSTTVSEVHPASXAZZUP8DHQZJO&fm=organic&iid=feb0c996-d47c-4376-9165-396b658b4183.TVSEVHPASXAZZUP8.SEARCH&ppt=sp&ppn=sp&ssid=uxgv8z4rls0000001574492773816&qH=09909ad4a70de9a9,"₹2,69,999",
Samsung Series 5 100cm (40 inch) Full HD LED TV,/samsung-series-5-100cm-40-inch-full-hd-led-tv/p/itmf5xzythfuugja?pid=TVSF5XZY4Z9UHECS&srno=s_5_106&otracker=search&otracker1=search&lid=LSTTVSF5XZY4Z9UHECSGDRLVK&fm=organic&iid=78853664-7967-4b81-abdb-f472909e4194.TVSF5XZY4Z9UHECS.SEARCH&ppt=sp&ppn=sp&ssid=uxgv8z4rls0000001574492773816&qH=09909ad4a70de9a9,"₹33,499",
Samsung Q Series 163cm (65 inch) Ultra HD (4K) QLED Smart TV,/samsung-q-series-163cm-65-inch-ultra-hd-4k-qled-smart-tv/p/itmevcpkvdrfh5wp?pid=TVSEVCPKQYAYXGGP&srno=s_5_107&otracker=search&otracker1=search&lid=LSTTVSEVCPKQYAYXGGPEDORE3&fm=organic&iid=9edbe655-03c8-460a-8443-8261af3846ab.TVSEVCPKQYAYXGGP.SEARCH&ppt=sp&ppn=sp&ssid=uxgv8z4rls0000001574492773816&qH=09909ad4a70de9a9,"₹3,09,999",
Samsung Series 5 80cm (32 inch) Full HD LED Smart TV,/samsung-series-5-80cm-32-inch-full-hd-led-smart-tv/p/itmevhpasxdbsbjv?pid=TVSEVHPAYNRJX2BD&srno=s_5_108&otracker=search&otracker1=search&lid=LSTTVSEVHPAYNRJX2BDPQZQ4K&fm=organic&iid=c8965855-d470-4193-b279-a72d8413166b.TVSEVHPAYNRJX2BD.SEARCH&ppt=sp&ppn=sp&ssid=uxgv8z4rls0000001574492773816&qH=09909ad4a70de9a9,"₹30,300",
Samsung Q80RAK 189cm (75 inch) Ultra HD (4K) QLED Smart TV,/samsung-q80rak-189cm-75-inch-ultra-hd-4k-qled-smart-tv/p/itmfggqbaxhgm8sx?pid=TVSFGGQBBMWBJEMX&srno=s_5_109&otracker=search&otracker1=search&lid=LSTTVSFGGQBBMWBJEMXV7TXIU&fm=organic&iid=fc741a6c-97be-4f78-8813-b57e1d10041f.TVSFGGQBBMWBJEMX.SEARCH&ppt=sp&ppn=sp&ssid=uxgv8z4rls0000001574492773816&qH=09909ad4a70de9a9,"₹6,27,000",
Samsung 5 100CM (40 inch) Full HD LED TV,/samsung-5-100cm-40-inch-full-hd-led-tv/p/itmf22wynqc8xhzf?pid=TVSF22WYP2ZNCY2M&srno=s_5_110&otracker=search&otracker1=search&lid=LSTTVSF22WYP2ZNCY2MHQFPQ8&fm=organic&iid=4633c215-1f89-46c3-990c-85a7a3bf32e7.TVSF22WYP2ZNCY2M.SEARCH&ppt=sp&ppn=sp&ssid=uxgv8z4rls0000001574492773816&qH=09909ad4a70de9a9,"₹30,999",
Samsung Q60RAK 206cm (82 inch) Ultra HD (4K) QLED Smart TV,/samsung-q60rak-206cm-82-inch-ultra-hd-4k-qled-smart-tv/p/itmfggqbf7q4nfgs?pid=TVSFGGQBAMXV6ZDK&srno=s_5_111&otracker=search&otracker1=search&lid=LSTTVSFGGQBAMXV6ZDKPPWU0W&fm=organic&iid=1c5e05d2-b623-4505-85c6-d98e721b3491.TVSFGGQBAMXV6ZDK.SEARCH&ppt=sp&ppn=sp&ssid=uxgv8z4rls0000001574492773816&qH=09909ad4a70de9a9,"₹6,79,200",
Samsung Q900R 183cm (75 inch) Ultra HD (8K) QLED Smart TV,/samsung-q900r-183cm-75-inch-ultra-hd-8k-qled-smart-tv/p/itmfbaaa44af0fb6?pid=TVSFK7E9UKSUEWUP&srno=s_5_112&otracker=search&otracker1=search&lid=LSTTVSFK7E9UKSUEWUPKQ7CM5&fm=organic&iid=e5de7746-6bf6-4491-9d49-9c5308a84d77.TVSFK7E9UKSUEWUP.SEARCH&ppt=sp&ppn=sp&ssid=uxgv8z4rls0000001574492773816&qH=09909ad4a70de9a9,"₹9,40,500",
Samsung Q Series 163cm (65 inch) Ultra HD (4K) QLED Smart TV,/samsung-q-series-163cm-65-inch-ultra-hd-4k-qled-smart-tv/p/itm16f4d5d27557b?pid=TVSF5XZYENCYDYST&srno=s_5_113&otracker=search&otracker1=search&lid=LSTTVSF5XZYENCYDYSTOXULC1&fm=organic&iid=c4386c95-8412-4147-8a62-2154a1f84e5b.TVSF5XZYENCYDYST.SEARCH&ppt=sp&ppn=sp&ssid=uxgv8z4rls0000001574492773816&qH=09909ad4a70de9a9,"₹2,24,999",
Samsung 80cm (32 inch) HD Ready LED Smart TV,/samsung-80cm-32-inch-hd-ready-led-smart-tv/p/itmemgnmgcnhhzws?pid=TVSEMGNMS9HXFBZZ&srno=s_5_114&otracker=search&otracker1=search&lid=LSTTVSEMGNMS9HXFBZZMJKIO5&fm=organic&iid=01a2b369-15dc-48d6-99f7-caca8b6abd0b.TVSEMGNMS9HXFBZZ.SEARCH&ppt=sp&ppn=sp&ssid=uxgv8z4rls0000001574492773816&qH=09909ad4a70de9a9,"₹24,999",
Samsung Series 8 163cm (65 inch) Ultra HD (4K) LED Smart TV,/samsung-series-8-163cm-65-inch-ultra-hd-4k-led-smart-tv/p/itmf5xzymyrahfgg?pid=TVSF5XZYGQS4DWEB&srno=s_5_115&otracker=search&otracker1=search&lid=LSTTVSF5XZYGQS4DWEBQLUNDE&fm=organic&iid=553d10f4-3bbc-437e-8ca4-bc93aa23ff11.TVSF5XZYGQS4DWEB.SEARCH&ppt=sp&ppn=sp&ssid=uxgv8z4rls0000001574492773816&qH=09909ad4a70de9a9,"₹1,67,199",
Samsung 190.5cm (75 inch) Ultra HD (4K) LED Smart TV,/samsung-190-5cm-75-inch-ultra-hd-4k-led-smart-tv/p/itmfggqbnn2suhaf?pid=TVSFGGQBYXVEMDXP&srno=s_5_116&otracker=search&otracker1=search&lid=LSTTVSFGGQBYXVEMDXPMGW2RR&fm=organic&iid=5c508987-8cc0-46da-b7fd-e1e93cffa104.TVSFGGQBYXVEMDXP.SEARCH&ppt=sp&ppn=sp&ssid=uxgv8z4rls0000001574492773816&qH=09909ad4a70de9a9,"₹1,82,990",
Samsung Series 4 59cm (24 inch) HD Ready LED TV,/samsung-series-4-59cm-24-inch-hd-ready-led-tv/p/itmemgnmuajdrgp7?pid=TVSEMGNMK6BNFSYZ&srno=s_5_117&otracker=search&otracker1=search&lid=LSTTVSEMGNMK6BNFSYZHZFKXN&fm=organic&iid=656b1381-4e81-4272-a7b8-4228c7ea22aa.TVSEMGNMK6BNFSYZ.SEARCH&ppt=sp&ppn=sp&ssid=uxgv8z4rls0000001574492773816&qH=09909ad4a70de9a9,"₹10,999",
Samsung 163cm (65 inch) Ultra HD (4K) LED Smart TV,/samsung-163cm-65-inch-ultra-hd-4k-led-smart-tv/p/itm442ae5a2c7000?pid=TVSFH37DHP9GZVPM&srno=s_5_118&otracker=search&otracker1=search&lid=LSTTVSFH37DHP9GZVPM1ICZ47&fm=organic&iid=4c2b4689-2bb4-4780-bfdb-88c091c04faf.TVSFH37DHP9GZVPM.SEARCH&ppt=sp&ppn=sp&ssid=uxgv8z4rls0000001574492773816&qH=09909ad4a70de9a9,"₹1,15,999",
Samsung Q60RAK 189cm (75 inch) Ultra HD (4K) QLED Smart TV,/samsung-q60rak-189cm-75-inch-ultra-hd-4k-qled-smart-tv/p/itmfggqba4d2t68w?pid=TVSFGGQBRZB5SF5R&srno=s_5_119&otracker=search&otracker1=search&lid=LSTTVSFGGQBRZB5SF5RNJME8C&fm=organic&iid=463b53f6-980a-49af-b9aa-eb95bfa8607f.TVSFGGQBRZB5SF5R.SEARCH&ppt=sp&ppn=sp&ssid=uxgv8z4rls0000001574492773816&qH=09909ad4a70de9a9,"₹4,18,000",
Samsung 165.1cm (65 inch) Ultra HD (4K) LED Smart TV,/samsung-165-1cm-65-inch-ultra-hd-4k-led-smart-tv/p/itmfggqbzsqkzczz?pid=TVSFGGQBXHWDG76H&srno=s_5_120&otracker=search&otracker1=search&lid=LSTTVSFGGQBXHWDG76HDJBJEA&fm=organic&iid=fccdb027-96fc-48bf-9fd5-7f75cc933864.TVSFGGQBXHWDG76H.SEARCH&ppt=sp&ppn=sp&ssid=uxgv8z4rls0000001574492773816&qH=09909ad4a70de9a9,"₹97,990",
Samsung 5010AR 108cm (43 inch) Full HD LED TV,/samsung-5010ar-108cm-43-inch-full-hd-led-tv/p/itmfggqb8gh9njzt?pid=TVSFGGQB7AJTGK9Q&srno=s_6_121&otracker=search&otracker1=search&lid=LSTTVSFGGQB7AJTGK9QYSGT3Y&fm=organic&ppt=sp&ppn=sp&ssid=uxgv8z4rls0000001574492773816&qH=09909ad4a70de9a9,"₹31,500",
Samsung Basic Smart 108cm (43 inch) Full HD LED TV,/samsung-basic-smart-108cm-43-inch-full-hd-led-tv/p/itmexg4gd25yrqnd?pid=TVSEXG4GRPMJH8YY&srno=s_6_122&otracker=search&otracker1=search&lid=LSTTVSEXG4GRPMJH8YY19UAN5&fm=organic&ppt=sp&ppn=sp&ssid=uxgv8z4rls0000001574492773816&qH=09909ad4a70de9a9,"₹34,900",
Samsung 80cm (31.4 inch) HD Ready LED TV,/samsung-80cm-31-4-inch-hd-ready-led-tv/p/itme6akzpw95gpwm?pid=TVSE6AKZRVR8ZKBH&srno=s_6_123&otracker=search&otracker1=search&lid=LSTTVSE6AKZRVR8ZKBH7FLIZA&fm=organic&ppt=sp&ppn=sp&ssid=uxgv8z4rls0000001574492773816&qH=09909ad4a70de9a9,"₹29,000",
Samsung Series 4 80cm (32 inch) HD Ready LED TV,/samsung-series-4-80cm-32-inch-hd-ready-led-tv/p/itmevhpayqcye7wt?pid=TVSEVHPAEZPJ2EAQ&srno=s_6_124&otracker=search&otracker1=search&lid=LSTTVSEVHPAEZPJ2EAQJJBZXY&fm=organic&ppt=sp&ppn=sp&ssid=uxgv8z4rls0000001574492773816&qH=09909ad4a70de9a9,"₹23,500",
Samsung 80cm (32 inch) Full HD LED Smart TV,/samsung-80cm-32-inch-full-hd-led-smart-tv/p/itmehym3k8nmduh5?pid=TVSEHYM3ZE3DG2YR&srno=s_6_125&otracker=search&otracker1=search&lid=LSTTVSEHYM3ZE3DG2YR3PE59H&fm=organic&ppt=sp&ppn=sp&ssid=uxgv8z4rls0000001574492773816&qH=09909ad4a70de9a9,"₹40,900",
Samsung (55 inch) Full HD LED TV,/samsung-55-inch-full-hd-led-tv/p/itmdbgggstysgzfk?pid=TVSDBGH6E4GGVNPK&srno=s_6_126&otracker=search&otracker1=search&lid=LSTTVSDBGH6E4GGVNPKORKMJE&fm=organic&ppt=sp&ppn=sp&ssid=uxgv8z4rls0000001574492773816&qH=09909ad4a70de9a9,"₹1,64,000",
Samsung (55 inch) Full HD LED Smart TV,/samsung-55-inch-full-hd-led-smart-tv/p/itmdtmzhg3nf5v8q?pid=TVSDTMZFGH6VVGEF&srno=s_6_127&otracker=search&otracker1=search&lid=LSTTVSDTMZFGH6VVGEFPHT4UZ&fm=organic&ppt=sp&ppn=sp&ssid=uxgv8z4rls0000001574492773816&qH=09909ad4a70de9a9,"₹1,60,500",
Samsung (55 inch) Full HD LED TV,/samsung-55-inch-full-hd-led-tv/p/itmd9tzexquektps?pid=TVSD9THWRFC7MRZC&srno=s_6_128&otracker=search&otracker1=search&lid=LSTTVSD9THWRFC7MRZCZD3BTC&fm=organic&ppt=sp&ppn=sp&ssid=uxgv8z4rls0000001574492773816&qH=09909ad4a70de9a9,"₹2,67,000",
Samsung (55 inch) Full HD LED Smart TV,/samsung-55-inch-full-hd-led-smart-tv/p/itmdtmzhzhu2ywy8?pid=TVSDTMZF6YCYEGTD&srno=s_6_129&otracker=search&otracker1=search&lid=LSTTVSDTMZF6YCYEGTDVS4Y8V&fm=organic&ppt=sp&ppn=sp&ssid=uxgv8z4rls0000001574492773816&qH=09909ad4a70de9a9,"₹2,46,900",
Samsung (55 inch) Full HD LED Smart TV,/samsung-55-inch-full-hd-led-smart-tv/p/itmdtmzfgzhttqfr?pid=TVSDTMZFGBBCUAZP&srno=s_6_130&otracker=search&otracker1=search&lid=LSTTVSDTMZFGBBCUAZPPRSWZ3&fm=organic&ppt=sp&ppn=sp&ssid=uxgv8z4rls0000001574492773816&qH=09909ad4a70de9a9,"₹2,18,900",
Samsung (55 inch) Ultra HD (4K) LED Smart TV,/samsung-55-inch-ultra-hd-4k-led-smart-tv/p/itmdtz922aneghes?pid=TVSDTZ922ANEGHES&srno=s_6_131&otracker=search&otracker1=search&lid=LSTTVSDTZ922ANEGHESFHGQEK&fm=organic&ppt=sp&ppn=sp&ssid=uxgv8z4rls0000001574492773816&qH=09909ad4a70de9a9,"₹3,29,900",
Samsung 139cm (55 inch) Ultra HD (4K) LED Smart TV,/samsung-139cm-55-inch-ultra-hd-4k-led-smart-tv/p/itme6akzztqn79cv?pid=TVSE6AKZWCGRGP2R&srno=s_6_132&otracker=search&otracker1=search&lid=LSTTVSE6AKZWCGRGP2RFXFSQ2&fm=organic&ppt=sp&ppn=sp&ssid=uxgv8z4rls0000001574492773816&qH=09909ad4a70de9a9,"₹1,78,900",
Samsung 138cm (55 inch) Ultra HD (4K) LED Smart TV,/samsung-138cm-55-inch-ultra-hd-4k-led-smart-tv/p/itmemgnmcjnww5uq?pid=TVSEMGNMDTHRHJFG&srno=s_6_133&otracker=search&otracker1=search&lid=LSTTVSEMGNMDTHRHJFGEQBTUR&fm=organic&ppt=sp&ppn=sp&ssid=uxgv8z4rls0000001574492773816&qH=09909ad4a70de9a9,"₹1,78,500",
Samsung 55 Inches 3D Full HD LED UA55D6600WM Television,/samsung-55-inches-3d-full-hd-led-ua55d6600wm-television/p/itmd29nnwphdhudf?pid=TVSD29NHPHRUUZTJ&srno=s_6_134&otracker=search&otracker1=search&lid=LSTTVSD29NHPHRUUZTJUV1XQS&fm=organic&ppt=sp&ppn=sp&ssid=uxgv8z4rls0000001574492773816&qH=09909ad4a70de9a9,"₹1,89,900",
Samsung 55 Inches 3D Full HD LED UA55D8000YR Television,/samsung-55-inches-3d-full-hd-led-ua55d8000yr-television/p/itmd29nnxhzthgzz?pid=TVSD29NHFGHGPN4Y&srno=s_6_135&otracker=search&otracker1=search&lid=LSTTVSD29NHFGHGPN4YZS350K&fm=organic&ppt=sp&ppn=sp&ssid=uxgv8z4rls0000001574492773816&qH=09909ad4a70de9a9,"₹2,49,990",
Samsung 138cm (55 inch) Ultra HD (4K) Curved LED Smart TV,/samsung-138cm-55-inch-ultra-hd-4k-curved-led-smart-tv/p/itmemgnmg4bvaehj?pid=TVSEMGNMEXZYYWPN&srno=s_6_136&otracker=search&otracker1=search&lid=LSTTVSEMGNMEXZYYWPNE8LW4J&fm=organic&ppt=sp&ppn=sp&ssid=uxgv8z4rls0000001574492773816&qH=09909ad4a70de9a9,"₹1,96,900",
Samsung 138cm (55 inch) Full HD LED Smart TV,/samsung-138cm-55-inch-full-hd-led-smart-tv/p/itmehym3uykkyzfh?pid=TVSEHYM3BQH4XF6H&srno=s_6_137&otracker=search&otracker1=search&lid=LSTTVSEHYM3BQH4XF6HEAUKL0&fm=organic&ppt=sp&ppn=sp&ssid=uxgv8z4rls0000001574492773816&qH=09909ad4a70de9a9,"₹75,500",
Samsung 138cm (55 inch) Full HD Curved LED Smart TV,/samsung-138cm-55-inch-full-hd-curved-led-smart-tv/p/itmezhecfzrgkufd?pid=TVSEZHECK57P4GEZ&srno=s_6_138&otracker=search&otracker1=search&lid=LSTTVSEZHECK57P4GEZ5NIJXP&fm=organic&ppt=sp&ppn=sp&ssid=uxgv8z4rls0000001574492773816&qH=09909ad4a70de9a9,"₹86,499",
Samsung 139cm (55 inch) Full HD Curved LED Smart TV,/samsung-139cm-55-inch-full-hd-curved-led-smart-tv/p/itme6akzpvepnz25?pid=TVSE6AKZVAHX6JHK&srno=s_6_139&otracker=search&otracker1=search&lid=LSTTVSE6AKZVAHX6JHKLTX5K7&fm=organic&ppt=sp&ppn=sp&ssid=uxgv8z4rls0000001574492773816&qH=09909ad4a70de9a9,"₹1,57,900",
Samsung The Frame 139.7cm (55 inch) Ultra HD (4K) LED Smart TV,/samsung-frame-139-7cm-55-inch-ultra-hd-4k-led-smart-tv/p/itmf45fzrrgyswa9?pid=TVSF45FZCNZDHKHJ&srno=s_6_140&otracker=search&otracker1=search&lid=LSTTVSF45FZCNZDHKHJZL4NDV&fm=organic&ppt=sp&ppn=sp&ssid=uxgv8z4rls0000001574492773816&qH=09909ad4a70de9a9,"₹1,42,400",
Samsung Q Series 138cm (55 inch) Ultra HD (4K) QLED Smart TV,/samsung-q-series-138cm-55-inch-ultra-hd-4k-qled-smart-tv/p/itmf7htvdm4hvgje?pid=TVSF5XZYFASEKEZR&srno=s_6_141&otracker=search&otracker1=search&lid=LSTTVSF5XZYFASEKEZRHRHVXJ&fm=organic&ppt=sp&ppn=sp&ssid=uxgv8z4rls0000001574492773816&qH=09909ad4a70de9a9,"₹99,999",
Samsung (51 inch) HD Ready TV,/samsung-51-inch-hd-ready-tv/p/itmdtmzfnvbxq7hm?pid=TVSDTMZFDHF6GYQA&srno=s_6_142&otracker=search&otracker1=search&lid=LSTTVSDTMZFDHF6GYQA9CAMYX&fm=organic&ppt=sp&ppn=sp&ssid=uxgv8z4rls0000001574492773816&qH=09909ad4a70de9a9,"₹65,900",
Samsung (51 inch) HD Ready TV,/samsung-51-inch-hd-ready-tv/p/itmd9vt2bqwjhbsn?pid=TVSD9VSEBR3K9F9B&srno=s_6_143&otracker=search&otracker1=search&lid=LSTTVSD9VSEBR3K9F9BT4IJR5&fm=organic&ppt=sp&ppn=sp&ssid=uxgv8z4rls0000001574492773816&qH=09909ad4a70de9a9,"₹63,000",
Samsung (51 inch) HD Ready TV,/samsung-51-inch-hd-ready-tv/p/itmd8yhfreygxag8?pid=TVSD8YHYZZCP9CHZ&srno=s_6_144&otracker=search&otracker1=search&lid=LSTTVSD8YHYZZCP9CHZOMKVJU&fm=organic&ppt=sp&ppn=sp&ssid=uxgv8z4rls0000001574492773816&qH=09909ad4a70de9a9,"₹66,000",
Samsung (51 inch) Full HD TV,/samsung-51-inch-full-hd-tv/p/itmd8yhf8hpzpxbs?pid=TVSD8YHYHDQKGHAG&srno=s_7_145&otracker=search&otracker1=search&lid=LSTTVSD8YHYHDQKGHAGPQS6IH&fm=organic&iid=62e1b9b1-396f-4519-b42f-b6015d62d6f0.TVSD8YHYHDQKGHAG.SEARCH&ppt=sp&ppn=sp&ssid=uxgv8z4rls0000001574492773816&qH=09909ad4a70de9a9,"₹86,000",
Samsung 51 Inches 3D HD Plasma PS51D490A1 Television,/samsung-51-inches-3d-hd-plasma-ps51d490a1-television/p/itmd29nnqvmwgrus?pid=TVSD29NHAHEZTWZ2&srno=s_7_146&otracker=search&otracker1=search&lid=LSTTVSD29NHAHEZTWZ2XOTWJT&fm=organic&iid=918412c1-c1d9-4501-bdc1-78451cd30005.TVSD29NHAHEZTWZ2.SEARCH&ppt=sp&ppn=sp&ssid=uxgv8z4rls0000001574492773816&qH=09909ad4a70de9a9,"₹68,000",
Samsung TV,/samsung-tv/p/itmd29nnwksg3qad?pid=TVSD29NHHUUUHEAH&srno=s_7_147&otracker=search&otracker1=search&lid=LSTTVSD29NHHUUUHEAH4IMY0T&fm=organic&iid=56465e61-ba5f-4f5a-9d5f-7ae432130dbb.TVSD29NHHUUUHEAH.SEARCH&ppt=sp&ppn=sp&ssid=uxgv8z4rls0000001574492773816&qH=09909ad4a70de9a9,"₹78,000",
Samsung (40 inch) Full HD LED TV,/samsung-40-inch-full-hd-led-tv/p/itmdbgazdrdhy2ek?pid=TVSDBGAMHGNDKZKW&srno=s_7_148&otracker=search&otracker1=search&lid=LSTTVSDBGAMHGNDKZKWNLML8O&fm=organic&iid=7ee8e647-956c-4bef-9b28-5e6c6a8e34df.TVSDBGAMHGNDKZKW.SEARCH&ppt=sp&ppn=sp&ssid=uxgv8z4rls0000001574492773816&qH=09909ad4a70de9a9,"₹40,009",
Samsung (46 inch) Full HD LED TV,/samsung-46-inch-full-hd-led-tv/p/itmd9tzertskxjg2?pid=TVSD9THWZBJGHGTG&srno=s_7_149&otracker=search&otracker1=search&lid=LSTTVSD9THWZBJGHGTGYTFHJY&fm=organic&iid=15b43314-cb82-44a5-aaca-d42c8caf1d04.TVSD9THWZBJGHGTG.SEARCH&ppt=sp&ppn=sp&ssid=uxgv8z4rls0000001574492773816&qH=09909ad4a70de9a9,"₹1,11,500",
Samsung (46 inch) Full HD LED TV,/samsung-46-inch-full-hd-led-tv/p/itmdtmzhzah4rgbh?pid=TVSDTMZFSHUN6ZY9&srno=s_7_150&otracker=search&otracker1=search&lid=LSTTVSDTMZFSHUN6ZY9U6DU1H&fm=organic&iid=eb8963c7-800e-4716-8254-b294a8f608c3.TVSDTMZFSHUN6ZY9.SEARCH&ppt=sp&ppn=sp&ssid=uxgv8z4rls0000001574492773816&qH=09909ad4a70de9a9,"₹87,500",
Samsung (46 inch) Full HD LED TV,/samsung-46-inch-full-hd-led-tv/p/itmd9tzef3dw7tzy?pid=TVSD9THWFVUVZ9BW&srno=s_7_151&otracker=search&otracker1=search&lid=LSTTVSD9THWFVUVZ9BWYTPAKL&fm=organic&iid=d5fe9adf-b469-468b-9310-83903df65f46.TVSD9THWFVUVZ9BW.SEARCH&ppt=sp&ppn=sp&ssid=uxgv8z4rls0000001574492773816&qH=09909ad4a70de9a9,"₹1,21,000",
Samsung (46 inch) Full HD LED TV,/samsung-46-inch-full-hd-led-tv/p/itmd9tzeeqb4pxpm?pid=TVSD9THWZ2VC92ZY&srno=s_7_152&otracker=search&otracker1=search&lid=LSTTVSD9THWZ2VC92ZYOLJLKG&fm=organic&iid=b9f76ea9-d280-4c3c-aa37-526f2a7dca59.TVSD9THWZ2VC92ZY.SEARCH&ppt=sp&ppn=sp&ssid=uxgv8z4rls0000001574492773816&qH=09909ad4a70de9a9,"₹1,58,500",
Samsung (46 inch) Full HD LED TV,/samsung-46-inch-full-hd-led-tv/p/itmd9tze6u6qfbmy?pid=TVSD9THWMAAMMQ8Z&srno=s_7_153&otracker=search&otracker1=search&lid=LSTTVSD9THWMAAMMQ8ZSAZCN8&fm=organic&iid=a60befb8-28b5-405d-8faa-a5eac83dccea.TVSD9THWMAAMMQ8Z.SEARCH&ppt=sp&ppn=sp&ssid=uxgv8z4rls0000001574492773816&qH=09909ad4a70de9a9,"₹1,51,500",
Samsung 46 Inches Full HD LED UA46D5500RR Television,/samsung-46-inches-full-hd-led-ua46d5500rr-television/p/itmd29nnhurwbxvy?pid=TVSD29NHDDKDBKRJ&srno=s_7_154&otracker=search&otracker1=search&lid=LSTTVSD29NHDDKDBKRJYARYU9&fm=organic&iid=87a7e95f-75f9-4eb3-97b8-e28d05768ef1.TVSD29NHDDKDBKRJ.SEARCH&ppt=sp&ppn=sp&ssid=uxgv8z4rls0000001574492773816&qH=09909ad4a70de9a9,"₹93,900",
Samsung (43 inch) HD Ready TV,/samsung-43-inch-hd-ready-tv/p/itmd8yhf26mutkvn?pid=TVSD8YHYZCUJ5FVH&srno=s_7_155&otracker=search&otracker1=search&lid=LSTTVSD8YHYZCUJ5FVHXAMQ3Z&fm=organic&iid=5971fe43-6875-4ddf-aba4-19cedee5575c.TVSD8YHYZCUJ5FVH.SEARCH&ppt=sp&ppn=sp&ssid=uxgv8z4rls0000001574492773816&qH=09909ad4a70de9a9,"₹49,000",
Samsung (43 inch) HD Ready TV,/samsung-43-inch-hd-ready-tv/p/itmeyfvruzvdtfu9?pid=TVSDNYWA5FCNKAXP&srno=s_7_156&otracker=search&otracker1=search&lid=LSTTVSDNYWA5FCNKAXPLRZFEB&fm=organic&iid=b2e37206-385c-47e2-8916-e267a56e4eb5.TVSDNYWA5FCNKAXP.SEARCH&ppt=sp&ppn=sp&ssid=uxgv8z4rls0000001574492773816&qH=09909ad4a70de9a9,"₹35,500",
Samsung (46 inch) Full HD LED Smart TV,/samsung-46-inch-full-hd-led-smart-tv/p/itmdtmzh3vuytyjx?pid=TVSDTMZFZNSGFP6Z&srno=s_7_157&otracker=search&otracker1=search&lid=LSTTVSDTMZFZNSGFP6ZX5BLLP&fm=organic&iid=f7112e98-488e-4e52-9477-8a77044f935b.TVSDTMZFZNSGFP6Z.SEARCH&ppt=sp&ppn=sp&ssid=uxgv8z4rls0000001574492773816&qH=09909ad4a70de9a9,"₹1,55,500",
Samsung (43 inch) HD Ready TV,/samsung-43-inch-hd-ready-tv/p/itmd9vt2mnr6fqjc?pid=TVSD9VSEJWXHBBSN&srno=s_7_158&otracker=search&otracker1=search&lid=LSTTVSD9VSEJWXHBBSNWDJGWB&fm=organic&iid=406d9e2e-310b-4180-946a-b4b5ab4200bc.TVSD9VSEJWXHBBSN.SEARCH&ppt=sp&ppn=sp&ssid=uxgv8z4rls0000001574492773816&qH=09909ad4a70de9a9,"₹45,000",
Samsung (46 inch) Full HD LED TV,/samsung-46-inch-full-hd-led-tv/p/itmd9tzenzmx64bc?pid=TVSD9THWEE8TTQFS&srno=s_7_159&otracker=search&otracker1=search&lid=LSTTVSD9THWEE8TTQFSVV8KXA&fm=organic&iid=a09a07b4-2e6e-4bff-9665-7de2481616d1.TVSD9THWEE8TTQFS.SEARCH&ppt=sp&ppn=sp&ssid=uxgv8z4rls0000001574492773816&qH=09909ad4a70de9a9,"₹89,500",
Samsung (46 inch) Full HD LED TV,/samsung-46-inch-full-hd-led-tv/p/itmdagzzqmenyvuf?pid=TVSDAGNXP7RTHPSW&srno=s_7_160&otracker=search&otracker1=search&lid=LSTTVSDAGNXP7RTHPSWSO6Z93&fm=organic&iid=4e90fc54-359e-4011-ae67-25566faf3e39.TVSDAGNXP7RTHPSW.SEARCH&ppt=sp&ppn=sp&ssid=uxgv8z4rls0000001574492773816&qH=09909ad4a70de9a9,"₹72,900",
Samsung 121cm (48 inch) Ultra HD (4K) LED Smart TV,/samsung-121cm-48-inch-ultra-hd-4k-led-smart-tv/p/itme6akzumkfgas2?pid=TVSE6AKZGXKQKKHR&srno=s_7_161&otracker=search&otracker1=search&lid=LSTTVSE6AKZGXKQKKHRJBZEOE&fm=organic&iid=313e2d5f-dd23-435f-adfb-58f59aa16d42.TVSE6AKZGXKQKKHR.SEARCH&ppt=sp&ppn=sp&ssid=uxgv8z4rls0000001574492773816&qH=09909ad4a70de9a9,"₹1,31,900",
Samsung (46 inch) Full HD LED Smart TV,/samsung-46-inch-full-hd-led-smart-tv/p/itmdtmzhw2fuwurx?pid=TVSDTMZFSKCVMUKE&srno=s_7_162&otracker=search&otracker1=search&lid=LSTTVSDTMZFSKCVMUKEY0WWGX&fm=organic&iid=3c8f6df9-7fe3-4608-98f1-f16dbc14bda6.TVSDTMZFSKCVMUKE.SEARCH&ppt=sp&ppn=sp&ssid=uxgv8z4rls0000001574492773816&qH=09909ad4a70de9a9,"₹1,03,900",
Samsung 46 Inches 3D Full HD LED UA46D6600WR Television,/samsung-46-inches-3d-full-hd-led-ua46d6600wr-television/p/itmd29nnzfzjjqzg?pid=TVSD29NHCYGZP2A4&srno=s_7_163&otracker=search&otracker1=search&lid=LSTTVSD29NHCYGZP2A4PSFLQP&fm=organic&iid=06b9abe8-f6d5-44e9-b91f-7ae49c3834db.TVSD29NHCYGZP2A4.SEARCH&ppt=sp&ppn=sp&ssid=uxgv8z4rls0000001574492773816&qH=09909ad4a70de9a9,"₹1,39,990",
Samsung (50 inch) Full HD LED Smart TV,/samsung-50-inch-full-hd-led-smart-tv/p/itmdtmzfszr2ckj8?pid=TVSDTMZFPFGU7CYR&srno=s_7_164&otracker=search&otracker1=search&lid=LSTTVSDTMZFPFGU7CYRGHDZUE&fm=organic&iid=3fdfcf14-06b0-485a-9b1a-b2e6f050478a.TVSDTMZFPFGU7CYR.SEARCH&ppt=sp&ppn=sp&ssid=uxgv8z4rls0000001574492773816&qH=09909ad4a70de9a9,"₹1,36,500",
Samsung 126cm (50 inch) Full HD LED Smart TV,/samsung-126cm-50-inch-full-hd-led-smart-tv/p/itme8yrf9tj6xrmh?pid=TVSE8YRFKUVR8VSG&srno=s_7_165&otracker=search&otracker1=search&lid=LSTTVSE8YRFKUVR8VSG8IESKP&fm=organic&iid=5c1ed98b-7eaa-4558-8d73-df7b9dbe9a10.TVSE8YRFKUVR8VSG.SEARCH&ppt=sp&ppn=sp&ssid=uxgv8z4rls0000001574492773816&qH=09909ad4a70de9a9,"₹94,900",
Samsung (60 inch) Full HD LED Smart TV,/samsung-60-inch-full-hd-led-smart-tv/p/itmdtmzhfzzwnpgx?pid=TVSDTMZFZJPWRGHQ&srno=s_7_166&otracker=search&otracker1=search&lid=LSTTVSDTMZFZJPWRGHQGHI5W8&fm=organic&iid=4ac0da6d-df29-450b-9f0a-28311edbb17c.TVSDTMZFZJPWRGHQ.SEARCH&ppt=sp&ppn=sp&ssid=uxgv8z4rls0000001574492773816&qH=09909ad4a70de9a9,"₹2,10,900",
Samsung 46 Inches 3D Full HD LED UA46D8000YR Television,/samsung-46-inches-3d-full-hd-led-ua46d8000yr-television/p/itmd2kyuwxnbz3yx?pid=TVSD2KYTEMBDRDHF&srno=s_7_167&otracker=search&otracker1=search&lid=LSTTVSD2KYTEMBDRDHFJBXTVS&fm=organic&iid=5d112f6f-d4e6-4a7c-9e6b-6f09f7799686.TVSD2KYTEMBDRDHF.SEARCH&ppt=sp&ppn=sp&ssid=uxgv8z4rls0000001574492773816&qH=09909ad4a70de9a9,"₹1,74,990",
Samsung 46 Inches 3D Full HD LED UA46D6000SR Television,/samsung-46-inches-3d-full-hd-led-ua46d6000sr-television/p/itmd29nnze3eg4nx?pid=TVSD29NHBJF4WDJJ&srno=s_7_168&otracker=search&otracker1=search&lid=LSTTVSD29NHBJF4WDJJPQHLVW&fm=organic&iid=8ee35352-df21-494f-8cae-6d278f89f23f.TVSD29NHBJF4WDJJ.SEARCH&ppt=sp&ppn=sp&ssid=uxgv8z4rls0000001574492773816&qH=09909ad4a70de9a9,"₹1,00,900",
Samsung (64 inch) Full HD TV,/samsung-64-inch-full-hd-tv/p/itmd8yhfy2ybfhyr?pid=TVSD8YHYG5UGSYBH&srno=s_8_169&otracker=search&otracker1=search&lid=LSTTVSD8YHYG5UGSYBH96SEA8&fm=organic&iid=90566ec1-be9d-49ef-9c63-a274cfa33d73.TVSD8YHYG5UGSYBH.SEARCH&ppt=sp&ppn=sp&ssid=uxgv8z4rls0000001574492773816&qH=09909ad4a70de9a9,"₹2,40,000",
Samsung 46 Inches 3D Full HD LED UA46D7000LM Television,/samsung-46-inches-3d-full-hd-led-ua46d7000lm-television/p/itmd29nng8htvn3y?pid=TVSD29NH6GGYHQXC&srno=s_8_170&otracker=search&otracker1=search&lid=LSTTVSD29NH6GGYHQXCXHF7Q7&fm=organic&iid=246d94e2-301c-426d-ad2b-d847788c194a.TVSD29NH6GGYHQXC.SEARCH&ppt=sp&ppn=sp&ssid=uxgv8z4rls0000001574492773816&qH=09909ad4a70de9a9,"₹1,53,900",
Samsung 121cm (48 inch) Full HD LED TV,/samsung-121cm-48-inch-full-hd-led-tv/p/itme6akzgtyhmcmg?pid=TVSE6AKZQZWC9MNG&srno=s_8_171&otracker=search&otracker1=search&lid=LSTTVSE6AKZQZWC9MNGBJWJG6&fm=organic&iid=d53dfe7a-fc11-475f-ad59-2bd43c5a2eb0.TVSE6AKZQZWC9MNG.SEARCH&ppt=sp&ppn=sp&ssid=uxgv8z4rls0000001574492773816&qH=09909ad4a70de9a9,"₹61,990",
Samsung (65 inch) Full HD LED Smart TV,/samsung-65-inch-full-hd-led-smart-tv/p/itmdtmzhrsbczzc6?pid=TVSDTMZF6TNNGZF3&srno=s_8_172&otracker=search&otracker1=search&lid=LSTTVSDTMZF6TNNGZF32VEBNH&fm=organic&iid=4ce923fe-b7a4-459a-af43-2ccc8adbfbb1.TVSDTMZF6TNNGZF3.SEARCH&ppt=sp&ppn=sp&ssid=uxgv8z4rls0000001574492773816&qH=09909ad4a70de9a9,"₹3,85,500",
Samsung (46 inch) Full HD LED Smart TV,/samsung-46-inch-full-hd-led-smart-tv/p/itmdtmzftxwj4kkz?pid=TVSDTMZFEZ5P5EJK&srno=s_8_173&otracker=search&otracker1=search&lid=LSTTVSDTMZFEZ5P5EJKQOQRO2&fm=organic&iid=41e738a6-2c41-49d6-b255-c485dbf5e2b6.TVSDTMZFEZ5P5EJK.SEARCH&ppt=sp&ppn=sp&ssid=uxgv8z4rls0000001574492773816&qH=09909ad4a70de9a9,"₹1,45,500",
Samsung (65 inch) Ultra HD (4K) LED Smart TV,/samsung-65-inch-ultra-hd-4k-led-smart-tv/p/itmdtz92ym7ubspz?pid=TVSDTZ92YM7UBSPZ&srno=s_8_174&otracker=search&otracker1=search&lid=LSTTVSDTZ92YM7UBSPZGUWGKI&fm=organic&iid=991ea3b0-5a5f-4b89-82e5-5a4f883c8ca9.TVSDTZ92YM7UBSPZ.SEARCH&ppt=sp&ppn=sp&ssid=uxgv8z4rls0000001574492773816&qH=09909ad4a70de9a9,"₹4,39,900",
Samsung (75 inch) Full HD LED Smart TV,/samsung-75-inch-full-hd-led-smart-tv/p/itmdtmzhgdams7uj?pid=TVSDTMZFE6GFCGSU&srno=s_8_175&otracker=search&otracker1=search&lid=LSTTVSDTMZFE6GFCGSUAX1QWC&fm=organic&iid=6ca3346e-e577-458f-a94e-170366d9f432.TVSDTMZFE6GFCGSU.SEARCH&ppt=sp&ppn=sp&ssid=uxgv8z4rls0000001574492773816&qH=09909ad4a70de9a9,"₹4,19,900",
Samsung 60 Inches 3D Full HD LED UA60D8000YR Television,/samsung-60-inches-3d-full-hd-led-ua60d8000yr-television/p/itmd29nngash29sv?pid=TVSD29NHKYYHQHX7&srno=s_8_176&otracker=search&otracker1=search&lid=LSTTVSD29NHKYYHQHX7VFUU97&fm=organic&iid=0a0af043-766f-4ca0-9fc6-22a87d672b36.TVSD29NHKYYHQHX7.SEARCH&ppt=sp&ppn=sp&ssid=uxgv8z4rls0000001574492773816&qH=09909ad4a70de9a9,"₹4,00,000",
Samsung 64 Inches 3D Full HD Plasma PS64D8000FR Television,/samsung-64-inches-3d-full-hd-plasma-ps64d8000fr-television/p/itmd29nngyjgjpth?pid=TVSD29NH3FACBUZJ&srno=s_8_177&otracker=search&otracker1=search&lid=LSTTVSD29NH3FACBUZJL9K279&fm=organic&iid=142f51a5-3562-4dc2-8448-201b7c97d027.TVSD29NH3FACBUZJ.SEARCH&ppt=sp&ppn=sp&ssid=uxgv8z4rls0000001574492773816&qH=09909ad4a70de9a9,"₹2,30,000",
Samsung 43 Inches 3D HD Plasma PS43D490 Television,/samsung-43-inches-3d-hd-plasma-ps43d490-television/p/itmd29nny7hhy3cn?pid=TVSD29NHTFDC4PMP&srno=s_8_178&otracker=search&otracker1=search&lid=LSTTVSD29NHTFDC4PMP3QFHKN&fm=organic&iid=39d7e784-974b-4645-9800-5ea9e212dd5f.TVSD29NHTFDC4PMP.SEARCH&ppt=sp&ppn=sp&ssid=uxgv8z4rls0000001574492773816&qH=09909ad4a70de9a9,"₹50,000",
Samsung 43 Inches HD Plasma PS43D450 Television,/samsung-43-inches-hd-plasma-ps43d450-television/p/itmd29nnzd85cs7f?pid=TVSD29NHKGMGSQZJ&srno=s_8_179&otracker=search&otracker1=search&lid=LSTTVSD29NHKGMGSQZJSLSM2B&fm=organic&iid=e15f2b4b-883b-427c-a107-daf0cbea4b93.TVSD29NHKGMGSQZJ.SEARCH&ppt=sp&ppn=sp&ssid=uxgv8z4rls0000001574492773816&qH=09909ad4a70de9a9,"₹45,000",
Samsung 152cm (60 inch) Ultra HD (4K) LED Smart TV,/samsung-152cm-60-inch-ultra-hd-4k-led-smart-tv/p/itmehym3ydudf7z2?pid=TVSEHYM3PYTYYRXK&srno=s_8_180&otracker=search&otracker1=search&lid=LSTTVSEHYM3PYTYYRXK6IWISO&fm=organic&iid=2fa1f7e3-552b-44b0-b61f-b392baf10f54.TVSEHYM3PYTYYRXK.SEARCH&ppt=sp&ppn=sp&ssid=uxgv8z4rls0000001574492773816&qH=09909ad4a70de9a9,"₹1,74,400",
Samsung 163cm (65 inch) Ultra HD (4K) Curved LED Smart TV,/samsung-163cm-65-inch-ultra-hd-4k-curved-led-smart-tv/p/itmejyrryzcuyntn?pid=TVSEJYRQYBXMZJ8U&srno=s_8_181&otracker=search&otracker1=search&lid=LSTTVSEJYRQYBXMZJ8U5X7R7U&fm=organic&iid=b6d304d9-1ecc-4131-8b5c-100ae3c5ed4f.TVSEJYRQYBXMZJ8U.SEARCH&ppt=sp&ppn=sp&ssid=uxgv8z4rls0000001574492773816&qH=09909ad4a70de9a9,"₹4,01,900",
Samsung 120.9cm (48 inch) Ultra HD (4K) LED Smart TV,/samsung-120-9cm-48-inch-ultra-hd-4k-led-smart-tv/p/itmehwaemkseeaah?pid=TVSEHWAEHKQQMYAZ&srno=s_8_182&otracker=search&otracker1=search&lid=LSTTVSEHWAEHKQQMYAZKFUEBZ&fm=organic&iid=7658238e-da7b-4e05-a52f-4ac1160b84e3.TVSEHWAEHKQQMYAZ.SEARCH&ppt=sp&ppn=sp&ssid=uxgv8z4rls0000001574492773816&qH=09909ad4a70de9a9,"₹65,000",
Samsung 100cm (40 inch) Full HD LED TV,/samsung-100cm-40-inch-full-hd-led-tv/p/itmeqygpftjkp8pb?pid=TVSEQYGPWAMJH5CB&srno=s_8_183&otracker=search&otracker1=search&lid=LSTTVSEQYGPWAMJH5CB7QKXU9&fm=organic&iid=5692051d-26c4-4c1b-a83e-2ac92cb4a5e9.TVSEQYGPWAMJH5CB.SEARCH&ppt=sp&ppn=sp&ssid=uxgv8z4rls0000001574492773816&qH=09909ad4a70de9a9,"₹40,900",
Samsung (40 inch) Full HD LED TV,/samsung-40-inch-full-hd-led-tv/p/itmdbgggynxu6vau?pid=TVSDBGH68AVZGRPE&srno=s_8_184&otracker=search&otracker1=search&lid=LSTTVSDBGH68AVZGRPEGTLV2A&fm=organic&iid=c8564a3c-6cfd-493e-bb33-bbadbde17fd7.TVSDBGH68AVZGRPE.SEARCH&ppt=sp&ppn=sp&ssid=uxgv8z4rls0000001574492773816&qH=09909ad4a70de9a9,"₹72,000",
Samsung (40 inch) Full HD LED TV,/samsung-40-inch-full-hd-led-tv/p/itmdnfy2d6zcgg9g?pid=TVSDNYZHHFP35AUC&srno=s_8_185&otracker=search&otracker1=search&lid=LSTTVSDNYZHHFP35AUCY0GWUH&fm=organic&iid=ee09cfce-77d6-4774-b802-a08eab335b1c.TVSDNYZHHFP35AUC.SEARCH&ppt=sp&ppn=sp&ssid=uxgv8z4rls0000001574492773816&qH=09909ad4a70de9a9,"₹53,500",
Samsung Series 7 190.5cm (75 inch) Ultra HD (4K) LED Smart TV,/samsung-series-7-190-5cm-75-inch-ultra-hd-4k-led-smart-tv/p/itmf3xznyhfjhycc?pid=TVSEVHPAQSBRGFZD&srno=s_8_186&otracker=search&otracker1=search&lid=LSTTVSEVHPAQSBRGFZDWSJ8ID&fm=organic&iid=6566014f-96c4-4f13-8e82-bd3a2c6ea7bc.TVSEVHPAQSBRGFZD.SEARCH&ppt=sp&ppn=sp&ssid=uxgv8z4rls0000001574492773816&qH=09909ad4a70de9a9,"₹4,49,967",
Samsung 101cm (40 inch) Full HD LED Smart TV,/samsung-101cm-40-inch-full-hd-led-smart-tv/p/itmehym3cgydtwcy?pid=TVSEHYM3WSX3DPK4&srno=s_8_187&otracker=search&otracker1=search&lid=LSTTVSEHYM3WSX3DPK4NMFQHY&fm=organic&iid=43b6e9df-31b5-4df4-8a87-8032dfa1f831.TVSEHYM3WSX3DPK4.SEARCH&ppt=sp&ppn=sp&ssid=uxgv8z4rls0000001574492773816&qH=09909ad4a70de9a9,"₹47,500",
Samsung 40 Inches 3D Full HD LED UA40D6000SR Television,/samsung-40-inches-3d-full-hd-led-ua40d6000sr-television/p/itmd29ntmukprtrd?pid=TVSD29NHZMRAUR8H&srno=s_8_188&otracker=search&otracker1=search&lid=LSTTVSD29NHZMRAUR8HSIIEUY&fm=organic&iid=5e2eb5c0-4e5e-4639-a866-97995671fe6a.TVSD29NHZMRAUR8H.SEARCH&ppt=sp&ppn=sp&ssid=uxgv8z4rls0000001574492773816&qH=09909ad4a70de9a9,"₹79,500",
Samsung Series 5 123cm (49 inch) Full HD LED TV,/samsung-series-5-123cm-49-inch-full-hd-led-tv/p/itmevhpa747rcyhz?pid=TVSEVHPAMR4T3ZZY&srno=s_8_189&otracker=search&otracker1=search&lid=LSTTVSEVHPAMR4T3ZZYDRXPK5&fm=organic&iid=9867f684-86f5-450f-81ba-67715d0255d1.TVSEVHPAMR4T3ZZY.SEARCH&ppt=sp&ppn=sp&ssid=uxgv8z4rls0000001574492773816&qH=09909ad4a70de9a9,"₹34,999",
Samsung 101cm (40 inch) Full HD LED TV,/samsung-101cm-40-inch-full-hd-led-tv/p/itme6akzbrbd7khg?pid=TVSE6AKZSWGDGZ57&srno=s_8_190&otracker=search&otracker1=search&lid=LSTTVSE6AKZSWGDGZ57OYHXZR&fm=organic&iid=78a9b0c5-b094-4b0d-b7bb-363d3beeb36b.TVSE6AKZSWGDGZ57.SEARCH&ppt=sp&ppn=sp&ssid=uxgv8z4rls0000001574492773816&qH=09909ad4a70de9a9,"₹36,990",
Samsung 121cm (48 inch) Full HD Curved LED Smart TV,/samsung-121cm-48-inch-full-hd-curved-led-smart-tv/p/itme6akz6mzbazxr?pid=TVSE6AKZHKHXPEGR&srno=s_8_191&otracker=search&otracker1=search&lid=LSTTVSE6AKZHKHXPEGRFFG4Q6&fm=organic&iid=4d15a789-f269-40c0-a05b-6ea2484ba374.TVSE6AKZHKHXPEGR.SEARCH&ppt=sp&ppn=sp&ssid=uxgv8z4rls0000001574492773816&qH=09909ad4a70de9a9,"₹49,999",
Samsung (32 inch) Full HD LED TV,/samsung-32-inch-full-hd-led-tv/p/itmdddmvythrprfd?pid=TVSD8YHY3EFGHPWV&srno=s_8_192&otracker=search&otracker1=search&lid=LSTTVSD8YHY3EFGHPWVEKC5KY&fm=organic&iid=176bf192-efad-475d-a3f9-4bcd9c5635a9.TVSD8YHY3EFGHPWV.SEARCH&ppt=sp&ppn=sp&ssid=uxgv8z4rls0000001574492773816&qH=09909ad4a70de9a9,"₹37,000",
Samsung (40 inch) Full HD LED TV,/samsung-40-inch-full-hd-led-tv/p/itmd9tzerr7qatnm?pid=TVSD9THWHZUGPQEP&srno=s_9_193&otracker=search&otracker1=search&lid=LSTTVSD9THWHZUGPQEPSOHBXC&fm=organic&iid=089735e9-c917-4782-91a7-48755d4d5662.TVSD9THWHZUGPQEP.SEARCH&ppt=sp&ppn=sp&ssid=uxgv8z4rls0000001574492773816&qH=09909ad4a70de9a9,"₹96,500",
Samsung 40 Inches Full HD LED UA40D5500RR Television,/samsung-40-inches-full-hd-led-ua40d5500rr-television/p/itmd29nnzbd5bbpn?pid=TVSD29NHQR889VGH&srno=s_9_194&otracker=search&otracker1=search&lid=LSTTVSD29NHQR889VGHSDIWL8&fm=organic&iid=7b888631-0e91-435b-9954-6ed6de94ec95.TVSD29NHQR889VGH.SEARCH&ppt=sp&ppn=sp&ssid=uxgv8z4rls0000001574492773816&qH=09909ad4a70de9a9,"₹68,900",
Samsung 40 Inches Full HD LED UA40D5003BR Television,/samsung-40-inches-full-hd-led-ua40d5003br-television/p/itmd2kyur54cdcb2?pid=TVSD2KYTSPZGRUUJ&srno=s_9_195&otracker=search&otracker1=search&lid=LSTTVSD2KYTSPZGRUUJTJXXDO&fm=organic&iid=c7d50618-82da-4562-9a8c-03db4a1afa5d.TVSD2KYTSPZGRUUJ.SEARCH&ppt=sp&ppn=sp&ssid=uxgv8z4rls0000001574492773816&qH=09909ad4a70de9a9,"₹65,900",
Samsung 32 Inches Full HD LED UA32D5000PRMXL Television,/samsung-32-inches-full-hd-led-ua32d5000prmxl-television/p/itmd29nthh5sqk7u?pid=TVSD29NHYGZENHG5&srno=s_9_196&otracker=search&otracker1=search&lid=LSTTVSD29NHYGZENHG58QMTBH&fm=organic&iid=096b4498-5cdd-4d6d-941a-7a0b2339e75e.TVSD29NHYGZENHG5.SEARCH&ppt=sp&ppn=sp&ssid=uxgv8z4rls0000001574492773816&qH=09909ad4a70de9a9,"₹37,000",
Samsung 108cm (43 inch) Ultra HD (4K) LED Smart TV,/samsung-108cm-43-inch-ultra-hd-4k-led-smart-tv/p/itmehym34snz2kef?pid=TVSEHYM3Y7FYVS4Y&srno=s_9_197&otracker=search&otracker1=search&lid=LSTTVSEHYM3Y7FYVS4YZXZPNK&fm=organic&iid=af807e58-a341-488e-9815-a6b22b85a156.TVSEHYM3Y7FYVS4Y.SEARCH&ppt=sp&ppn=sp&ssid=uxgv8z4rls0000001574492773816&qH=09909ad4a70de9a9,"₹50,400",
Samsung (40 inch) Full HD LED TV,/samsung-40-inch-full-hd-led-tv/p/itmd9tzeeeuqunjq?pid=TVSD9THWBGRF3JAQ&srno=s_9_198&otracker=search&otracker1=search&lid=LSTTVSD9THWBGRF3JAQPG6MHL&fm=organic&iid=6ad84328-8384-40c9-8c58-5370f6fd720e.TVSD9THWBGRF3JAQ.SEARCH&ppt=sp&ppn=sp&ssid=uxgv8z4rls0000001574492773816&qH=09909ad4a70de9a9,"₹59,000",
Samsung 40 Inches Full HD LED UA40D5900VR Television,/samsung-40-inches-full-hd-led-ua40d5900vr-television/p/itmd2h8yuxtetzfn?pid=TVSD2H8KV53DWJGZ&srno=s_9_199&otracker=search&otracker1=search&lid=LSTTVSD2H8KV53DWJGZLOV3OE&fm=organic&iid=63bb83ec-5712-4d85-8b6c-310e20af65ff.TVSD2H8KV53DWJGZ.SEARCH&ppt=sp&ppn=sp&ssid=uxgv8z4rls0000001574492773816&qH=09909ad4a70de9a9,"₹70,900",
Samsung (40 inch) Full HD LED Smart TV,/samsung-40-inch-full-hd-led-smart-tv/p/itmdtmzhtmrgupe9?pid=TVSDTMZF6SZRYK3J&srno=s_9_200&otracker=search&otracker1=search&lid=LSTTVSDTMZF6SZRYK3JMDGN8G&fm=organic&iid=1edbd2e8-db73-4153-8c91-8c179c452e7b.TVSDTMZF6SZRYK3J.SEARCH&ppt=sp&ppn=sp&ssid=uxgv8z4rls0000001574492773816&qH=09909ad4a70de9a9,"₹82,900",
Samsung 102cm (40 inch) Full HD Curved LED Smart TV,/samsung-102cm-40-inch-full-hd-curved-led-smart-tv/p/itme6akzkjcdmpt7?pid=TVSE6AKZ4EFMYQF9&srno=s_9_201&otracker=search&otracker1=search&lid=LSTTVSE6AKZ4EFMYQF9VB1BO6&fm=organic&iid=5927de07-e618-46a0-b391-6bbcbdc0b8ce.TVSE6AKZ4EFMYQF9.SEARCH&ppt=sp&ppn=sp&ssid=uxgv8z4rls0000001574492773816&qH=09909ad4a70de9a9,"₹73,895",
Samsung 40 Inches Full HD LED UA40D5000PRMXL Television,/samsung-40-inches-full-hd-led-ua40d5000prmxl-television/p/itmd29nnabcjbkaf?pid=TVSD29NHNQZZAX4B&srno=s_9_202&otracker=search&otracker1=search&lid=LSTTVSD29NHNQZZAX4BCIO3IA&fm=organic&iid=d91d68eb-2c19-4b7e-9132-4111c8db35a4.TVSD29NHNQZZAX4B.SEARCH&ppt=sp&ppn=sp&ssid=uxgv8z4rls0000001574492773816&qH=09909ad4a70de9a9,"₹66,900",
Samsung (40 inch) Full HD LED Smart TV,/samsung-40-inch-full-hd-led-smart-tv/p/itmdtmzhtyr84jze?pid=TVSDTMZFMSCHSRRZ&srno=s_9_203&otracker=search&otracker1=search&lid=LSTTVSDTMZFMSCHSRRZUQ07GK&fm=organic&iid=72eed4f4-69c4-4775-b0b3-4e38c45246a9.TVSDTMZFMSCHSRRZ.SEARCH&ppt=sp&ppn=sp&ssid=uxgv8z4rls0000001574492773816&qH=09909ad4a70de9a9,"₹64,900",
Samsung 108cm (43 inch) Ultra HD (4K) Curved LED Smart TV,/samsung-108cm-43-inch-ultra-hd-4k-curved-led-smart-tv/p/itmezheahrgnn8kq?pid=TVSEZHEAUMVZ9UUT&srno=s_9_204&otracker=search&otracker1=search&lid=LSTTVSEZHEAUMVZ9UUTYZKGNL&fm=organic&iid=d3b30213-753e-46bd-a265-268f51ec1e4a.TVSEZHEAUMVZ9UUT.SEARCH&ppt=sp&ppn=sp&ssid=uxgv8z4rls0000001574492773816&qH=09909ad4a70de9a9,"₹72,990",
Samsung Q Series 163cm (65 inch) Ultra HD (4K) QLED Smart TV,/samsung-q-series-163cm-65-inch-ultra-hd-4k-qled-smart-tv/p/itmf7htvmahwekfs?pid=TVSF7HTVMYJFHD4F&srno=s_9_205&otracker=search&otracker1=search&lid=LSTTVSF7HTVMYJFHD4FNQEDTQ&fm=organic&iid=9ed412c0-182f-4b46-9d04-7c8082763d2f.TVSF7HTVMYJFHD4F.SEARCH&ppt=sp&ppn=sp&ssid=uxgv8z4rls0000001574492773816&qH=09909ad4a70de9a9,"₹2,45,600",
Samsung (40 inch) Full HD LED TV,/samsung-40-inch-full-hd-led-tv/p/itmd9tze9qzzhqqb?pid=TVSD9THWYCCJYK4T&srno=s_9_206&otracker=search&otracker1=search&lid=LSTTVSD9THWYCCJYK4TP3FUCI&fm=organic&iid=ed1c7eb8-3321-4990-90f8-a7dff49db11d.TVSD9THWYCCJYK4T.SEARCH&ppt=sp&ppn=sp&ssid=uxgv8z4rls0000001574492773816&qH=09909ad4a70de9a9,"₹70,000",
Samsung 81cm (32 inch) Full HD LED Smart TV,/samsung-81cm-32-inch-full-hd-led-smart-tv/p/itme8yrfztze6gpt?pid=TVSE8YRFGXYDXRGH&srno=s_9_207&otracker=search&otracker1=search&lid=LSTTVSE8YRFGXYDXRGHUVG6JT&fm=organic&iid=f2c6c163-1d91-4dbd-9ddb-a1cad02ffd11.TVSE8YRFGXYDXRGH.SEARCH&ppt=sp&ppn=sp&ssid=uxgv8z4rls0000001574492773816&qH=09909ad4a70de9a9,"₹39,805",
Samsung 40 Inches 3D Full HD LED UA40D6600WR Television,/samsung-40-inches-3d-full-hd-led-ua40d6600wr-television/p/itmdddmvtzjmqfzt?pid=TVSD29NHPZ2HMFHZ&srno=s_9_208&otracker=search&otracker1=search&lid=LSTTVSD29NHPZ2HMFHZBL4FL5&fm=organic&iid=aaa5c93e-57a4-455c-96d8-1340b562db44.TVSD29NHPZ2HMFHZ.SEARCH&ppt=sp&ppn=sp&ssid=uxgv8z4rls0000001574492773816&qH=09909ad4a70de9a9,"₹99,900",
Samsung (40 inch) Full HD LED Smart TV,/samsung-40-inch-full-hd-led-smart-tv/p/itmdtmzffxabjzdu?pid=TVSDTMZFKUHZBEAJ&srno=s_9_209&otracker=search&otracker1=search&lid=LSTTVSDTMZFKUHZBEAJA5MTT3&fm=organic&iid=250cdabd-21fd-4be7-9276-08f6f8846cf9.TVSDTMZFKUHZBEAJ.SEARCH&ppt=sp&ppn=sp&ssid=uxgv8z4rls0000001574492773816&qH=09909ad4a70de9a9,"₹1,08,900",
Samsung Q Series 163cm (65 inch) Ultra HD (4K) QLED Smart TV,/samsung-q-series-163cm-65-inch-ultra-hd-4k-qled-smart-tv/p/itmf7htvverd2gkx?pid=TVSF7HTVGZ9HDCAZ&srno=s_9_210&otracker=search&otracker1=search&lid=LSTTVSF7HTVGZ9HDCAZPSEF6S&fm=organic&iid=3471bb7d-901f-47c1-847e-14c7f1234602.TVSF7HTVGZ9HDCAZ.SEARCH&ppt=sp&ppn=sp&ssid=uxgv8z4rls0000001574492773816&qH=09909ad4a70de9a9,"₹1,90,000",
Samsung 123cm (49 inch) Ultra HD (4K) Curved LED Smart TV,/samsung-123cm-49-inch-ultra-hd-4k-curved-led-smart-tv/p/itmehyhev6jhrmw9?pid=TVSEHYHESYDMGHKA&srno=s_9_211&otracker=search&otracker1=search&lid=LSTTVSEHYHESYDMGHKAY790BW&fm=organic&iid=3e4d39c1-7d01-44d3-b9b0-fe8bc03a57a7.TVSEHYHESYDMGHKA.SEARCH&ppt=sp&ppn=sp&ssid=uxgv8z4rls0000001574492773816&qH=09909ad4a70de9a9,"₹74,999",
Samsung 46 Inches Full HD LCD LA46D550K1R Television,/samsung-46-inches-full-hd-lcd-la46d550k1r-television/p/itmd2h8ygpazwya9?pid=TVSD2H8KDPV3ZNVH&srno=s_9_212&otracker=search&otracker1=search&lid=LSTTVSD2H8KDPV3ZNVHA7BTMT&fm=organic&iid=da938dab-c0e8-48f4-9b9b-332c87d32055.TVSD2H8KDPV3ZNVH.SEARCH&ppt=sp&ppn=sp&ssid=uxgv8z4rls0000001574492773816&qH=09909ad4a70de9a9,"₹73,900",
Samsung 102cm (40 inch) HD Ready LED TV,/samsung-102cm-40-inch-hd-ready-led-tv/p/itmefh94fsz68fkn?pid=TVSEFH9Y6NU7CJVY&srno=s_9_213&otracker=search&otracker1=search&lid=LSTTVSEFH9Y6NU7CJVYQILKBZ&fm=organic&iid=cec390b7-8190-4a7b-a704-adec2da2afad.TVSEFH9Y6NU7CJVY.SEARCH&ppt=sp&ppn=sp&ssid=uxgv8z4rls0000001574492773816&qH=09909ad4a70de9a9,"₹48,499",
Samsung 37 Inches Full HD LCD LA37D550K1R Television,/samsung-37-inches-full-hd-lcd-la37d550k1r-television/p/itmd2h8ygmeby25k?pid=TVSD2H8K9SGMHKWM&srno=s_9_214&otracker=search&otracker1=search&lid=LSTTVSD2H8K9SGMHKWMUEVXVN&fm=organic&iid=e973e19b-82ef-448b-8d9b-6deedcfd1da6.TVSD2H8K9SGMHKWM.SEARCH&ppt=sp&ppn=sp&ssid=uxgv8z4rls0000001574492773816&qH=09909ad4a70de9a9,"₹48,000",
Samsung (40 inch) Full HD LED Smart TV,/samsung-40-inch-full-hd-led-smart-tv/p/itmdtmzfa4ybqmhn?pid=TVSDTMZFEJDXD6JJ&srno=s_9_215&otracker=search&otracker1=search&lid=LSTTVSDTMZFEJDXD6JJZS4KQT&fm=organic&iid=b86341e0-b911-4fcd-8e80-bd1d1354d25d.TVSDTMZFEJDXD6JJ.SEARCH&ppt=sp&ppn=sp&ssid=uxgv8z4rls0000001574492773816&qH=09909ad4a70de9a9,"₹90,500",
Samsung 32 Inches HD LED UA32D4000N Television,/samsung-32-inches-hd-led-ua32d4000n-television/p/itmd29nn8wrsvafr?pid=TVSD29NHFC78TWP8&srno=s_9_216&otracker=search&otracker1=search&lid=LSTTVSD29NHFC78TWP8SWWGYB&fm=organic&iid=fd203fcb-42e0-4864-811b-c801656fb374.TVSD29NHFC78TWP8.SEARCH&ppt=sp&ppn=sp&ssid=uxgv8z4rls0000001574492773816&qH=09909ad4a70de9a9,"₹40,900",
Samsung (32 inch) Full HD LED TV,/samsung-32-inch-full-hd-led-tv/p/itmd9tze6kb5r9nh?pid=TVSD9THW8Y8CB8UG&srno=s_10_217&otracker=search&otracker1=search&lid=LSTTVSD9THW8Y8CB8UGG4PIYP&fm=organic&iid=b17b6515-7b43-4945-9f7e-936db9d54fde.TVSD9THW8Y8CB8UG.SEARCH&ppt=sp&ppn=sp&ssid=uxgv8z4rls0000001574492773816&qH=09909ad4a70de9a9,"₹44,500",
Samsung 101cm (40 inch) Ultra HD (4K) Curved LED Smart TV,/samsung-101cm-40-inch-ultra-hd-4k-curved-led-smart-tv/p/itmezheahndhmhax?pid=TVSEZHEAZZXRPJEX&srno=s_10_218&otracker=search&otracker1=search&lid=LSTTVSEZHEAZZXRPJEXXJK9WV&fm=organic&iid=24d46d30-e880-4dce-90ba-27680ce68b35.TVSEZHEAZZXRPJEX.SEARCH&ppt=sp&ppn=sp&ssid=uxgv8z4rls0000001574492773816&qH=09909ad4a70de9a9,"₹71,400",
Samsung 123cm (49 inch) Full HD Curved LED Smart TV,/samsung-123cm-49-inch-full-hd-curved-led-smart-tv/p/itmehyhez7gruyfe?pid=TVSEHYHEZJGQHBVG&srno=s_10_219&otracker=search&otracker1=search&lid=LSTTVSEHYHEZJGQHBVG3EFZTR&fm=organic&iid=af2a228c-883a-4248-a8e2-4a244bbc9e34.TVSEHYHEZJGQHBVG.SEARCH&ppt=sp&ppn=sp&ssid=uxgv8z4rls0000001574492773816&qH=09909ad4a70de9a9,"₹42,999",
Samsung Series 6 123cm (49 inch) Full HD Curved LED Smart TV,/samsung-series-6-123cm-49-inch-full-hd-curved-led-smart-tv/p/itmevhpacgpbxbvt?pid=TVSEVHPAAKQDSXRK&srno=s_10_220&otracker=search&otracker1=search&lid=LSTTVSEVHPAAKQDSXRK2CXOAR&fm=organic&iid=610ffcb7-e4ed-407a-9aab-10164fc0918c.TVSEVHPAAKQDSXRK.SEARCH&ppt=sp&ppn=sp&ssid=uxgv8z4rls0000001574492773816&qH=09909ad4a70de9a9,"₹54,999",
Samsung 32 Inches Full HD LED UA32D5900VR Television,/samsung-32-inches-full-hd-led-ua32d5900vr-television/p/itmd2h8y4rncsqhg?pid=TVSD2H8KSAGKYZEB&srno=s_10_221&otracker=search&otracker1=search&lid=LSTTVSD2H8KSAGKYZEBUUFXB6&fm=organic&iid=de5925a0-83f4-492d-8429-a34e9f43ac7f.TVSD2H8KSAGKYZEB.SEARCH&ppt=sp&ppn=sp&ssid=uxgv8z4rls0000001574492773816&qH=09909ad4a70de9a9,"₹48,900",
Samsung (32 inch) Full HD LED TV,/samsung-32-inch-full-hd-led-tv/p/itmd9tzegev6jhhq?pid=TVSD9THWSZPM9J7H&srno=s_10_222&otracker=search&otracker1=search&lid=LSTTVSD9THWSZPM9J7HIHZ9US&fm=organic&iid=d82529bd-3556-42d6-b4c7-50645b4a5911.TVSD9THWSZPM9J7H.SEARCH&ppt=sp&ppn=sp&ssid=uxgv8z4rls0000001574492773816&qH=09909ad4a70de9a9,"₹59,000",
Samsung 102cm (40 inch) Ultra HD (4K) LED Smart TV,/samsung-102cm-40-inch-ultra-hd-4k-led-smart-tv/p/itme6akznkfvwgug?pid=TVSE6AKZXHQTFRJZ&srno=s_10_223&otracker=search&otracker1=search&lid=LSTTVSE6AKZXHQTFRJZOHD0A6&fm=organic&iid=8c773dec-68fc-46d2-994b-7c0c97f182e7.TVSE6AKZXHQTFRJZ.SEARCH&ppt=sp&ppn=sp&ssid=uxgv8z4rls0000001574492773816&qH=09909ad4a70de9a9,"₹83,900",
Samsung 101cm (40 inch) Full HD Curved LED Smart TV,/samsung-101cm-40-inch-full-hd-curved-led-smart-tv/p/itmek9rsrnfrkh3e?pid=TVSEK9RSTBHWCTVW&srno=s_10_224&otracker=search&otracker1=search&lid=LSTTVSEK9RSTBHWCTVWIARO6D&fm=organic&iid=b2a4d864-1426-476b-b3d2-b5646cbaa878.TVSEK9RSTBHWCTVW.SEARCH&ppt=sp&ppn=sp&ssid=uxgv8z4rls0000001574492773816&qH=09909ad4a70de9a9,"₹45,900",
Samsung Basic Smart 100cm (40 inch) Full HD LED TV,/samsung-basic-smart-100cm-40-inch-full-hd-led-tv/p/itmf3hcjfbdx9bdz?pid=TVSEVHPADCJQDEFE&srno=s_10_225&otracker=search&otracker1=search&lid=LSTTVSEVHPADCJQDEFERGSYLU&fm=organic&iid=1deb9aea-a65f-4899-b9b7-e5d2f1b43730.TVSEVHPADCJQDEFE.SEARCH&ppt=sp&ppn=sp&ssid=uxgv8z4rls0000001574492773816&qH=09909ad4a70de9a9,"₹29,999",
Samsung (32 inch) Full HD LED TV,/samsung-32-inch-full-hd-led-tv/p/itmd9tzeeghttgcs?pid=TVSD9THWNX8ZWGEZ&srno=s_10_226&otracker=search&otracker1=search&lid=LSTTVSD9THWNX8ZWGEZT09ABJ&fm=organic&iid=f798f5ee-24a9-4479-aefd-469f04c0628e.TVSD9THWNX8ZWGEZ.SEARCH&ppt=sp&ppn=sp&ssid=uxgv8z4rls0000001574492773816&qH=09909ad4a70de9a9,"₹47,000",
Samsung Q Series 190.5cm (75 inch) Ultra HD (4K) Curved QLED Smart TV,/samsung-q-series-190-5cm-75-inch-ultra-hd-4k-curved-qled-smart-tv/p/itmf5xzyxufhyzgy?pid=TVSF5XZYRHFPBX4H&srno=s_10_227&otracker=search&otracker1=search&lid=LSTTVSF5XZYRHFPBX4HJFXJMW&fm=organic&iid=672c7632-abe5-41f8-9661-6b71427ac7fb.TVSF5XZYRHFPBX4H.SEARCH&ppt=sp&ppn=sp&ssid=uxgv8z4rls0000001574492773816&qH=09909ad4a70de9a9,"₹5,22,500",
Samsung 100cm (40 inch) Full HD LED TV,/samsung-100cm-40-inch-full-hd-led-tv/p/itmezheabcdzxv8e?pid=TVSEZHEABJTHZTPB&srno=s_10_228&otracker=search&otracker1=search&lid=LSTTVSEZHEABJTHZTPBQGUAFL&fm=organic&iid=df8bfedd-978e-47d1-b57d-412f7124c7d8.TVSEZHEABJTHZTPB.SEARCH&ppt=sp&ppn=sp&ssid=uxgv8z4rls0000001574492773816&qH=09909ad4a70de9a9,"₹28,999",
Samsung 32 Inches 3D Full HD LED UA32D6000SR Television,/samsung-32-inches-3d-full-hd-led-ua32d6000sr-television/p/itmdddmvga4ysnax?pid=TVSD29NHYQ3P8GSQ&srno=s_10_229&otracker=search&otracker1=search&lid=LSTTVSD29NHYQ3P8GSQQMCIVN&fm=organic&iid=e7007d06-06ce-47d3-9b09-3dcda063f1c6.TVSD29NHYQ3P8GSQ.SEARCH&ppt=sp&ppn=sp&ssid=uxgv8z4rls0000001574492773816&qH=09909ad4a70de9a9,"₹54,500",
Samsung 32 Inches Full HD LCD LA32D550K1R Television,/samsung-32-inches-full-hd-lcd-la32d550k1r-television/p/itmdddmvhnsuvrh3?pid=TVSD29NHESASZ676&srno=s_10_230&otracker=search&otracker1=search&lid=LSTTVSD29NHESASZ6767HMUZN&fm=organic&iid=970b7820-0f70-44cd-8507-7a941fc54c85.TVSD29NHESASZ676.SEARCH&ppt=sp&ppn=sp&ssid=uxgv8z4rls0000001574492773816&qH=09909ad4a70de9a9,"₹35,900",
Samsung (32 inch) Full HD LED TV,/samsung-32-inch-full-hd-led-tv/p/itmdddmvybfzuyzh?pid=TVSDBGH6UUHXQCWU&srno=s_10_231&otracker=search&otracker1=search&lid=LSTTVSDBGH6UUHXQCWUUKOD8N&fm=organic&iid=f4c6656d-87ec-49d5-910a-92a278d5ede2.TVSDBGH6UUHXQCWU.SEARCH&ppt=sp&ppn=sp&ssid=uxgv8z4rls0000001574492773816&qH=09909ad4a70de9a9,"₹50,000",
Samsung 81cm (32 inch) Full HD LED TV,/samsung-81cm-32-inch-full-hd-led-tv/p/itme6akzpkmgz2ne?pid=TVSE6AKZND6VDHJG&srno=s_10_232&otracker=search&otracker1=search&lid=LSTTVSE6AKZND6VDHJGYTRAUS&fm=organic&iid=7247a01f-eea1-4c06-9817-c50bb69005f3.TVSE6AKZND6VDHJG.SEARCH&ppt=sp&ppn=sp&ssid=uxgv8z4rls0000001574492773816&qH=09909ad4a70de9a9,"₹23,500",
Samsung The Frame 108cm (43 inch) Ultra HD (4K) LED Smart TV,/samsung-frame-108cm-43-inch-ultra-hd-4k-led-smart-tv/p/itmf5xzy5g9sedzg?pid=TVSF5XZY3XF2TDQR&srno=s_10_233&otracker=search&otracker1=search&lid=LSTTVSF5XZY3XF2TDQRSS2ZIV&fm=organic&iid=0d2e3a36-7f8f-46ba-af39-4d23ffc60d22.TVSF5XZY3XF2TDQR.SEARCH&ppt=sp&ppn=sp&ssid=uxgv8z4rls0000001574492773816&qH=09909ad4a70de9a9,"₹69,999",
Samsung 40 Inches Full HD LCD LA40D550K1R Television,/samsung-40-inches-full-hd-lcd-la40d550k1r-television/p/itmdnymmzwnhhkh6?pid=TVSD2H8KMNWGEC2S&srno=s_10_234&otracker=search&otracker1=search&lid=LSTTVSD2H8KMNWGEC2SWBMTLB&fm=organic&iid=91f5c159-86d3-4e13-918d-b1e1dff00f23.TVSD2H8KMNWGEC2S.SEARCH&ppt=sp&ppn=sp&ssid=uxgv8z4rls0000001574492773816&qH=09909ad4a70de9a9,"₹51,900",
Samsung Q Series 190.5cm (75 inch) Ultra HD (4K) Curved QLED Smart TV,/samsung-q-series-190-5cm-75-inch-ultra-hd-4k-curved-qled-smart-tv/p/itmevcnc6jmvcttn?pid=TVSEVCNCEZSVKVTC&srno=s_10_235&otracker=search&otracker1=search&lid=LSTTVSEVCNCEZSVKVTCVOIU6A&fm=organic&iid=550b76ee-a64d-4d05-a706-174aca173239.TVSEVCNCEZSVKVTC.SEARCH&ppt=sp&ppn=sp&ssid=uxgv8z4rls0000001574492773816&qH=09909ad4a70de9a9,"₹5,98,977",
Samsung (19 inch) HD Ready LED TV,/samsung-19-inch-hd-ready-led-tv/p/itmd4gfun8w9rztf?pid=TVSD4GFTGFYFZ8TZ&srno=s_10_236&otracker=search&otracker1=search&lid=LSTTVSD4GFTGFYFZ8TZJKDSVX&fm=organic&iid=15b9363a-eb39-4efd-8d51-02d560cff0b7.TVSD4GFTGFYFZ8TZ.SEARCH&ppt=sp&ppn=sp&ssid=uxgv8z4rls0000001574492773816&qH=09909ad4a70de9a9,"₹12,500",
Samsung (32 inch) Full HD LED Smart TV,/samsung-32-inch-full-hd-led-smart-tv/p/itmdtmzhrhthfpzg?pid=TVSDTMZFDGKW5VKJ&srno=s_10_237&otracker=search&otracker1=search&lid=LSTTVSDTMZFDGKW5VKJZQBWG5&fm=organic&iid=6e227412-02e2-46ec-a99f-fd270ee042d5.TVSDTMZFDGKW5VKJ.SEARCH&ppt=sp&ppn=sp&ssid=uxgv8z4rls0000001574492773816&qH=09909ad4a70de9a9,"₹43,500",
Samsung (19 inch) HD Ready LED TV,/samsung-19-inch-hd-ready-led-tv/p/itmd8yhf6buzaf4s?pid=TVSD8YHYM8YUZJGF&srno=s_10_238&otracker=search&otracker1=search&lid=LSTTVSD8YHYM8YUZJGFZDVFCC&fm=organic&iid=443273ce-a292-4d91-ba2c-fbec5ec73df3.TVSD8YHYM8YUZJGF.SEARCH&ppt=sp&ppn=sp&ssid=uxgv8z4rls0000001574492773816&qH=09909ad4a70de9a9,"₹12,800",
Samsung 32 Inches Full HD LCD LA32D580K4R Television,/samsung-32-inches-full-hd-lcd-la32d580k4r-television/p/itmd3yyhzvjhafsf?pid=TVSD3YYEMPUUEFMR&srno=s_10_239&otracker=search&otracker1=search&lid=LSTTVSD3YYEMPUUEFMRZKTEXZ&fm=organic&iid=5b2ebb6a-ebd3-4d91-b6e0-a8e16313cd34.TVSD3YYEMPUUEFMR.SEARCH&ppt=sp&ppn=sp&ssid=uxgv8z4rls0000001574492773816&qH=09909ad4a70de9a9,"₹36,900",
Samsung 101cm (40 inch) Ultra HD (4K) LED Smart TV,/samsung-101cm-40-inch-ultra-hd-4k-led-smart-tv/p/itmemgnmpvhjar2z?pid=TVSEMGNMGCRWHFVA&srno=s_10_240&otracker=search&otracker1=search&lid=LSTTVSEMGNMGCRWHFVAQBHSPW&fm=organic&iid=5b49ad9a-d3f9-4203-afd8-42dda33d9bbf.TVSEMGNMGCRWHFVA.SEARCH&ppt=sp&ppn=sp&ssid=uxgv8z4rls0000001574492773816&qH=09909ad4a70de9a9,"₹31,999",
Samsung (32 inch) Full HD LED TV,/samsung-32-inch-full-hd-led-tv/p/itmdddmvythrprfd?pid=TVSD8YHY3EFGHPWV&srno=s_11_241&otracker=search&otracker1=search&lid=LSTTVSD8YHY3EFGHPWVEKC5KY&fm=organic&ppt=sp&ppn=sp&ssid=uxgv8z4rls0000001574492773816&qH=09909ad4a70de9a9,"₹37,000",
Samsung 32 Inches Full HD LED UA32D5000PRMXL Television,/samsung-32-inches-full-hd-led-ua32d5000prmxl-television/p/itmd29nthh5sqk7u?pid=TVSD29NHYGZENHG5&srno=s_11_242&otracker=search&otracker1=search&lid=LSTTVSD29NHYGZENHG58QMTBH&fm=organic&ppt=sp&ppn=sp&ssid=uxgv8z4rls0000001574492773816&qH=09909ad4a70de9a9,"₹37,000",
Samsung Q Series 163cm (65 inch) Ultra HD (4K) QLED Smart TV,/samsung-q-series-163cm-65-inch-ultra-hd-4k-qled-smart-tv/p/itmf7htvverd2gkx?pid=TVSF7HTVGZ9HDCAZ&srno=s_11_243&otracker=search&otracker1=search&lid=LSTTVSF7HTVGZ9HDCAZPSEF6S&fm=organic&ppt=sp&ppn=sp&ssid=uxgv8z4rls0000001574492773816&qH=09909ad4a70de9a9,"₹1,90,000",
Samsung 81.28cm (32 inch) HD Ready LED TV,/samsung-81-28cm-32-inch-hd-ready-led-tv/p/itmdy2zkbswh4zyb?pid=TVSDY2ZFKGRTNHAZ&srno=s_11_244&otracker=search&otracker1=search&lid=LSTTVSDY2ZFKGRTNHAZH9OEDE&fm=organic&ppt=sp&ppn=sp&ssid=uxgv8z4rls0000001574492773816&qH=09909ad4a70de9a9,"₹31,500",
Samsung Q7FNAK 189cm (75 inch) Ultra HD (4K) QLED Smart TV,/samsung-q7fnak-189cm-75-inch-ultra-hd-4k-qled-smart-tv/p/itmfggqbmn9dsfxf?pid=TVSFGGQBAVFGHSFN&srno=s_11_245&otracker=search&otracker1=search&lid=LSTTVSFGGQBAVFGHSFNNU0TEA&fm=organic&ppt=sp&ppn=sp&ssid=uxgv8z4rls0000001574492773816&qH=09909ad4a70de9a9,"₹5,00,000",
Samsung Q Series 163cm (65 inch) Ultra HD (4K) Curved QLED Smart TV,/samsung-q-series-163cm-65-inch-ultra-hd-4k-curved-qled-smart-tv/p/itmf7htvxhybcnga?pid=TVSF7HTVWCXX8NWY&srno=s_11_246&otracker=search&otracker1=search&lid=LSTTVSF7HTVWCXX8NWYBF8SYT&fm=organic&ppt=sp&ppn=sp&ssid=uxgv8z4rls0000001574492773816&qH=09909ad4a70de9a9,"₹2,60,000",
Samsung 4 80cm (32 inch) HD Ready LED Smart TV,/samsung-4-80cm-32-inch-hd-ready-led-smart-tv/p/itmf29efqhvgxssw?pid=TVSF29EFJ2AFKMKZ&srno=s_11_247&otracker=search&otracker1=search&lid=LSTTVSF29EFJ2AFKMKZGYJZ4X&fm=organic&ppt=sp&ppn=sp&ssid=uxgv8z4rls0000001574492773816&qH=09909ad4a70de9a9,"₹28,499",
Samsung Series 6 101.6cm (40 inch) Ultra HD (4K) LED Smart TV,/samsung-series-6-101-6cm-40-inch-ultra-hd-4k-led-smart-tv/p/itmevhpajzdqybha?pid=TVSEVHPAN53F9NFD&srno=s_11_248&otracker=search&otracker1=search&lid=LSTTVSEVHPAN53F9NFDB8SGVY&fm=organic&ppt=sp&ppn=sp&ssid=uxgv8z4rls0000001574492773816&qH=09909ad4a70de9a9,"₹68,400",
Samsung Basic Smart 80cm (32 inch) HD Ready LED TV,/samsung-basic-smart-80cm-32-inch-hd-ready-led-tv/p/itmevhpa3qkyh2dn?pid=TVSEVHPAGYJMCMA7&srno=s_11_249&otracker=search&otracker1=search&lid=LSTTVSEVHPAGYJMCMA7T5F5SF&fm=organic&ppt=sp&ppn=sp&ssid=uxgv8z4rls0000001574492773816&qH=09909ad4a70de9a9,"₹17,999",
Samsung 70cm (28 inch) HD Ready LED TV,/samsung-70cm-28-inch-hd-ready-led-tv/p/itme8yrfg2wurbr9?pid=TVSE8YRFQJ4SS4KB&srno=s_11_250&otracker=search&otracker1=search&lid=LSTTVSE8YRFQJ4SS4KBNTADXT&fm=organic&ppt=sp&ppn=sp&ssid=uxgv8z4rls0000001574492773816&qH=09909ad4a70de9a9,"₹14,990",
Samsung 120.9cm (48 inch) HD Ready LED Smart TV,/samsung-120-9cm-48-inch-hd-ready-led-smart-tv/p/itmenknym7dgexgu?pid=TVSENKNYNKDHRHNN&srno=s_11_251&otracker=search&otracker1=search&lid=LSTTVSENKNYNKDHRHNNQVCBW1&fm=organic&ppt=sp&ppn=sp&ssid=uxgv8z4rls0000001574492773816&qH=09909ad4a70de9a9,"₹70,500",
Samsung (43 inch) HD Ready TV,/samsung-43-inch-hd-ready-tv/p/itmd9vt2csbvfh4a?pid=TVSD9VSEUZ4XFR4K&srno=s_11_252&otracker=search&otracker1=search&lid=LSTTVSD9VSEUZ4XFR4KVODUQQ&fm=organic&ppt=sp&ppn=sp&ssid=uxgv8z4rls0000001574492773816&qH=09909ad4a70de9a9,"₹35,500",
Samsung TV,/samsung-tv/p/itmd29nnujd37qd3?pid=TVSD29NHHGG49YBZ&srno=s_11_253&otracker=search&otracker1=search&lid=LSTTVSD29NHHGG49YBZFZESPJ&fm=organic&ppt=sp&ppn=sp&ssid=uxgv8z4rls0000001574492773816&qH=09909ad4a70de9a9,"₹31,900",
Samsung 121cm (48 inch) Ultra HD (4K) Curved LED Smart TV,/samsung-121cm-48-inch-ultra-hd-4k-curved-led-smart-tv/p/itme6akzdxc7gyca?pid=TVSE6AKZVF6YDYVX&srno=s_11_254&otracker=search&otracker1=search&lid=LSTTVSE6AKZVF6YDYVXMLMNNE&fm=organic&ppt=sp&ppn=sp&ssid=uxgv8z4rls0000001574492773816&qH=09909ad4a70de9a9,"₹1,52,900",
Samsung (32 inch) HD Ready LED TV,/samsung-32-inch-hd-ready-led-tv/p/itmd9tzexyzgt5q2?pid=TVSD9THWYTDQBFWH&srno=s_11_255&otracker=search&otracker1=search&lid=LSTTVSD9THWYTDQBFWHNDP0BU&fm=organic&ppt=sp&ppn=sp&ssid=uxgv8z4rls0000001574492773816&qH=09909ad4a70de9a9,"₹35,700",
Samsung (32 inch) HD Ready LED TV,/samsung-32-inch-hd-ready-led-tv/p/itmd9vt2zbd5mzgf?pid=TVSD9VSE8V9ADKX6&srno=s_11_256&otracker=search&otracker1=search&lid=LSTTVSD9VSE8V9ADKX6TSDTXK&fm=organic&ppt=sp&ppn=sp&ssid=uxgv8z4rls0000001574492773816&qH=09909ad4a70de9a9,"₹28,000",
Samsung (32 inch) HD Ready LED TV,/samsung-32-inch-hd-ready-led-tv/p/itmdddmvaptyuhrk?pid=TVSD8YHY7FKVUZZX&srno=s_11_257&otracker=search&otracker1=search&lid=LSTTVSD8YHY7FKVUZZXMBDK3N&fm=organic&ppt=sp&ppn=sp&ssid=uxgv8z4rls0000001574492773816&qH=09909ad4a70de9a9,"₹32,000",
Samsung (32 inch) HD Ready LED TV,/samsung-32-inch-hd-ready-led-tv/p/itmd9tzetutbwszn?pid=TVSD9THWH8DBSCAZ&srno=s_11_258&otracker=search&otracker1=search&lid=LSTTVSD9THWH8DBSCAZWQZV2K&fm=organic&ppt=sp&ppn=sp&ssid=uxgv8z4rls0000001574492773816&qH=09909ad4a70de9a9,"₹37,700",
Samsung 32 Inches HD LED UA32D4003B Television,/samsung-32-inches-hd-led-ua32d4003b-television/p/itmd2kyuuwgyquvx?pid=TVSD2KYTTGPA7JEN&srno=s_11_259&otracker=search&otracker1=search&lid=LSTTVSD2KYTTGPA7JENRSSYIT&fm=organic&ppt=sp&ppn=sp&ssid=uxgv8z4rls0000001574492773816&qH=09909ad4a70de9a9,"₹26,700",
Samsung (32 inch) HD Ready LED TV,/samsung-32-inch-hd-ready-led-tv/p/itmdtmzhdwhwgu4p?pid=TVSDTMZFHDMFGS2V&srno=s_11_260&otracker=search&otracker1=search&lid=LSTTVSDTMZFHDMFGS2VHRVXIU&fm=organic&ppt=sp&ppn=sp&ssid=uxgv8z4rls0000001574492773816&qH=09909ad4a70de9a9,"₹25,000",
Samsung 32 Inches HD LCD LA32D481G4 Television,/samsung-32-inches-hd-lcd-la32d481g4-television/p/itmd29nnsu8g4pnm?pid=TVSD29NHDD5ANGD3&srno=s_11_261&otracker=search&otracker1=search&lid=LSTTVSD29NHDD5ANGD3UDYPW4&fm=organic&ppt=sp&ppn=sp&ssid=uxgv8z4rls0000001574492773816&qH=09909ad4a70de9a9,"₹32,900",
Samsung 32 Inches HD LCD LA32D400E1 Television,/samsung-32-inches-hd-lcd-la32d400e1-television/p/itmd29nnhwug3fth?pid=TVSD29NHJ9UYAAWF&srno=s_11_262&otracker=search&otracker1=search&lid=LSTTVSD29NHJ9UYAAWFLCBOLZ&fm=organic&ppt=sp&ppn=sp&ssid=uxgv8z4rls0000001574492773816&qH=09909ad4a70de9a9,"₹29,900",
Samsung 32 Inches HD LCD LA32D403E2 Television,/samsung-32-inches-hd-lcd-la32d403e2-television/p/itmd2kyuaebjht6z?pid=TVSD2KYTHRDSFUTE&srno=s_11_263&otracker=search&otracker1=search&lid=LSTTVSD2KYTHRDSFUTEACWTM8&fm=organic&ppt=sp&ppn=sp&ssid=uxgv8z4rls0000001574492773816&qH=09909ad4a70de9a9,"₹27,900",
Samsung Series 5 108cm (43 inch) Full HD LED TV,/samsung-series-5-108cm-43-inch-full-hd-led-tv/p/itmf7dwgeqq69h5z?pid=TVSF7DWGPX6RY4FT&srno=s_11_264&otracker=search&otracker1=search&lid=LSTTVSF7DWGPX6RY4FTWP1E1P&fm=organic&ppt=sp&ppn=sp&ssid=uxgv8z4rls0000001574492773816&qH=09909ad4a70de9a9,"₹28,999",
Samsung 80cm (32 inch) HD Ready LED TV,/samsung-80cm-32-inch-hd-ready-led-tv/p/itmemgnmgchuztyu?pid=TVSEMGNMNCPJJHMF&srno=s_12_265&otracker=search&otracker1=search&lid=LSTTVSEMGNMNCPJJHMFWR3VFF&fm=organic&iid=e015da07-5975-41b1-8cf4-885439af9d52.TVSEMGNMNCPJJHMF.SEARCH&ppt=sp&ppn=sp&ssid=uxgv8z4rls0000001574492773816&qH=09909ad4a70de9a9,"₹17,990",
Samsung 102cm (40 inch) Ultra HD (4K) Curved LED Smart TV,/samsung-102cm-40-inch-ultra-hd-4k-curved-led-smart-tv/p/itme6akzk8nrgvzg?pid=TVSE6AKZBQ3P5BFG&srno=s_12_266&otracker=search&otracker1=search&lid=LSTTVSE6AKZBQ3P5BFG7SXTX2&fm=organic&iid=a44730cf-a712-4dd6-a03e-b8b0b87455fd.TVSE6AKZBQ3P5BFG.SEARCH&ppt=sp&ppn=sp&ssid=uxgv8z4rls0000001574492773816&qH=09909ad4a70de9a9,"₹44,500",
Samsung 80cm (32 inch) Full HD LED TV,/samsung-80cm-32-inch-full-hd-led-tv/p/itmezheazrpgzr9j?pid=TVSEZHEAGXTA9VTH&srno=s_12_267&otracker=search&otracker1=search&lid=LSTTVSEZHEAGXTA9VTH0AOFQJ&fm=organic&iid=47801e9a-8bb6-430a-b868-f0439bd29188.TVSEZHEAGXTA9VTH.SEARCH&ppt=sp&ppn=sp&ssid=uxgv8z4rls0000001574492773816&qH=09909ad4a70de9a9,"₹20,990",
Samsung Basic Smart 80cm (32 inch) Full HD LED TV,/samsung-basic-smart-80cm-32-inch-full-hd-led-tv/p/itmf3hcjmanbpk6d?pid=TVSETDM3DZHPT33Z&srno=s_12_268&otracker=search&otracker1=search&lid=LSTTVSETDM3DZHPT33ZA07RXM&fm=organic&iid=b53b91b1-0773-41cf-8d1e-f188f6a3dc4e.TVSETDM3DZHPT33Z.SEARCH&ppt=sp&ppn=sp&ssid=uxgv8z4rls0000001574492773816&qH=09909ad4a70de9a9,"₹23,999",
